Month,ENG_RP,ENG_RB,ENG_NN,ENG_VB,ENG_FW,ENG_JJ,ENG_JJR,ENG_JJS,ENG_NNP,ENG_NNS,ENG_POS,ENG_RBR,ENG_RBS,ENG_VBD,ENG_VBG,ENG_VBN,ENG_VBP,ENG_VBZ
16-7-2014,0,0,3,0,0,0,0,0,2,0,0,0,0,0,0,0,0,0
2-11-2014,1,5,201,5,34,47,0,0,58,12,0,0,0,5,0,2,5,16
12-7-2014,0,0,1,0,0,1,0,0,0,2,0,0,0,0,0,0,0,0
6-10-2016,0,5,7,0,0,2,0,0,3,4,0,0,0,1,0,0,1,0
21-1-2013,0,1,1,1,0,0,0,0,2,0,0,0,1,0,0,0,0,0
10-9-2012,0,1,3,1,0,0,0,0,0,1,0,0,0,0,1,0,0,0
18-5-2016,0,2,7,0,0,3,0,0,28,0,0,0,0,0,1,0,0,0
20-4-2013,0,0,1,0,0,0,0,0,0,0,0,0,0,0,0,0,0,0
17-2-2015,0,2,8,0,0,4,0,0,1,1,0,0,0,0,1,1,1,0
4-1-2013,0,1,2,0,0,1,0,0,0,0,0,0,0,0,0,0,0,0
16-10-2014,0,1,30,0,2,7,0,0,6,11,0,0,0,0,0,0,4,2
8-6-2016,0,2,12,1,0,0,0,1,5,3,0,0,0,1,0,0,0,0
29-3-2014,0,0,1,0,0,0,0,0,0,0,0,0,0,0,0,0,0,0
22-10-2011,0,4,29,3,0,6,0,0,5,5,0,0,0,2,0,2,2,0
9-11-2011,0,0,1,0,0,1,0,0,0,0,0,0,0,0,0,0,0,0
11-11-2014,0,1,5,1,0,3,0,0,2,1,0,0,0,0,0,0,1,0
2-4-2016,0,2,71,1,21,24,0,0,14,12,0,0,0,4,1,0,11,8
21-8-2014,0,0,0,0,0,0,0,0,1,1,0,0,0,1,0,0,0,0
19-7-2011,0,0,13,0,3,3,0,0,11,2,0,0,0,0,0,0,1,1
2-8-2015,0,0,0,0,0,1,0,0,3,0,0,0,0,0,0,0,0,0
29-3-2016,0,3,92,3,8,12,0,0,4,5,0,0,0,0,2,0,5,2
23-6-2014,0,1,3,0,0,0,0,0,0,0,0,0,0,0,0,0,1,1
10-10-2014,0,1,62,1,0,11,0,0,13,3,0,0,0,0,0,0,0,3
10-12-2011,0,0,0,0,0,0,0,0,0,0,0,0,0,0,0,0,1,0
3-10-2014,0,1,36,0,3,2,0,0,5,7,0,0,0,0,0,0,0,2
14-5-2016,0,0,8,0,0,0,0,0,0,1,0,0,0,0,0,0,1,0
14-8-2014,0,2,43,0,7,1,0,0,15,3,0,0,0,3,0,0,1,2
12-1-2016,0,2,37,0,0,8,0,0,8,6,0,0,0,1,0,0,1,2
11-7-2016,0,5,19,0,0,5,0,0,27,5,0,0,0,1,0,0,4,2
29-6-2015,0,0,2,0,0,1,0,0,0,0,0,0,0,0,0,0,0,0
11-10-2014,0,0,52,1,7,11,0,0,19,7,1,0,0,1,0,0,4,3
18-10-2015,0,0,12,0,0,1,0,0,5,0,0,0,0,0,0,0,1,0
12-7-2016,0,1,8,0,0,2,0,0,2,6,0,0,0,0,0,0,2,0
16-2-2015,0,0,3,0,0,0,0,0,0,0,0,0,0,0,0,0,0,0
19-9-2012,0,2,1,0,0,0,0,0,2,0,0,0,0,0,0,0,0,0
30-7-2014,0,0,0,0,0,0,0,0,0,0,0,0,0,0,0,0,0,0
6-12-2014,0,0,57,0,8,4,0,0,7,5,0,0,0,4,0,0,2,2
25-10-2011,0,1,1,0,0,0,0,0,0,0,0,0,0,0,0,0,0,0
21-7-2015,0,0,60,0,3,10,0,1,6,0,4,0,0,0,0,0,0,0
29-11-2015,0,0,8,0,0,1,0,0,0,0,0,0,0,0,1,0,0,0
29-10-2015,0,2,4,0,0,1,0,0,0,1,0,0,0,0,0,0,0,0
16-7-2016,0,9,209,2,18,50,0,0,31,31,0,0,0,2,0,1,21,5
29-9-2016,0,1,12,0,0,1,0,0,7,0,0,0,0,0,0,0,0,0
29-4-2013,0,1,1,0,0,1,0,0,3,0,0,0,0,0,0,0,0,0
25-7-2016,0,3,118,0,17,31,0,0,35,9,0,0,0,1,1,0,6,11
2-11-2015,0,1,20,2,0,3,0,0,8,4,2,0,0,0,1,0,2,0
16-3-2015,0,1,6,1,0,0,1,0,1,0,0,0,0,0,0,0,0,0
1-12-2015,0,0,5,0,0,0,0,0,0,2,0,0,0,0,0,0,1,0
26-11-2015,0,0,1,0,0,0,0,0,2,1,0,0,0,0,0,0,0,0
22-8-2013,0,5,41,4,1,9,0,0,4,6,0,0,0,1,0,0,6,5
16-11-2016,0,0,1,0,0,0,0,0,0,0,0,0,0,0,0,0,0,0
28-9-2012,0,1,3,0,0,1,0,0,0,0,0,0,0,0,0,0,0,0
5-11-2015,0,0,16,0,0,1,0,0,7,2,0,0,0,1,0,0,1,0
10-7-2016,0,0,4,0,0,1,0,0,1,1,0,0,0,0,0,0,1,0
7-10-2013,0,0,0,0,0,0,0,0,2,0,0,0,0,0,0,0,0,0
20-1-2016,0,0,4,0,0,1,0,0,0,0,0,0,0,0,0,0,0,0
12-2-2013,0,0,2,0,0,0,0,0,0,0,0,0,0,0,0,0,0,0
4-6-2016,0,2,16,1,0,3,0,0,12,2,0,0,0,1,0,0,0,0
29-2-2016,0,2,21,2,2,6,0,0,10,2,0,0,0,2,0,0,3,1
29-12-2011,0,1,14,0,0,1,0,0,2,7,0,0,0,0,0,0,2,0
10-9-2014,0,1,7,0,1,1,0,0,2,3,0,0,0,0,0,0,0,0
27-7-2015,0,1,80,1,14,17,0,0,19,9,0,0,0,1,0,0,1,7
17-4-2015,0,0,2,0,0,0,0,0,0,0,0,0,0,0,0,0,0,0
15-11-2016,1,2,7,0,0,1,0,0,1,1,0,0,0,1,0,0,2,0
10-6-2016,0,3,20,1,0,2,0,0,3,6,0,0,0,2,0,0,4,0
28-9-2016,0,2,22,1,0,1,0,0,4,1,0,0,0,1,0,0,1,0
17-9-2013,0,0,9,0,0,0,0,0,0,0,0,0,0,0,0,1,1,0
12-11-2016,0,0,2,0,0,0,0,0,0,0,0,0,0,0,0,0,0,0
15-7-2014,0,2,8,0,0,1,0,0,3,0,0,0,0,0,1,0,0,0
27-8-2016,0,0,16,0,0,3,0,0,12,0,0,0,0,0,0,0,0,0
30-12-2015,0,2,8,0,0,0,0,0,3,0,0,0,0,0,0,0,1,0
16-9-2014,0,0,1,0,0,0,0,0,0,0,0,0,0,0,0,0,0,0
3-8-2016,0,10,32,1,0,6,0,0,24,6,0,0,0,1,0,0,0,0
17-9-2012,0,0,15,0,0,2,0,0,1,0,0,0,0,0,0,0,0,0
30-6-2014,0,0,9,0,0,0,0,0,2,2,0,0,0,1,0,0,0,0
28-5-2016,0,0,0,0,0,0,0,0,1,0,0,0,0,0,0,0,0,0
23-1-2014,0,1,2,0,0,0,0,0,0,0,0,0,0,0,0,0,0,0
15-2-2015,0,3,148,2,20,24,1,0,41,9,0,1,0,1,0,1,10,9
12-11-2012,0,1,37,0,2,7,0,0,12,1,0,0,0,1,0,0,2,0
30-9-2013,0,1,13,0,0,0,0,0,5,0,0,0,0,0,0,0,0,0
13-8-2016,0,0,1,0,0,0,0,0,0,0,0,0,0,0,0,0,0,0
1-6-2014,0,2,15,0,0,2,0,0,2,1,0,0,0,0,0,0,0,0
25-5-2012,0,0,1,0,0,0,0,0,0,0,0,0,0,0,0,0,0,0
21-7-2014,0,0,1,0,0,0,0,0,2,0,0,0,0,0,0,0,0,0
4-10-2016,0,0,6,1,0,0,0,0,1,0,0,0,0,0,0,0,0,0
29-11-2013,0,1,26,0,0,3,0,0,1,0,0,0,0,0,0,0,0,0
4-6-2011,0,0,4,0,0,0,0,0,0,1,0,0,0,0,0,0,0,0
28-10-2014,0,4,41,1,9,9,0,0,15,3,0,0,0,1,0,0,1,4
22-9-2015,0,3,14,0,1,3,0,0,7,0,0,0,0,0,0,0,1,0
5-7-2016,0,1,28,0,0,4,0,0,31,2,0,0,0,1,0,0,0,0
2-1-2016,0,0,3,0,0,0,0,0,8,1,0,0,0,3,0,0,0,3
8-5-2013,0,2,3,0,0,2,0,0,0,0,0,0,0,0,0,0,1,0
8-8-2014,0,2,86,1,10,6,1,0,37,10,0,0,0,1,0,0,4,3
24-12-2013,0,1,10,0,0,0,0,0,4,0,0,0,0,0,1,0,0,0
24-11-2016,0,0,13,0,0,5,0,0,31,1,0,0,0,0,0,0,2,0
7-10-2016,0,2,80,2,7,10,0,0,25,6,0,0,0,0,0,0,4,3
27-4-2012,0,0,0,0,0,0,0,0,3,0,0,0,0,0,0,0,0,0
1-8-2015,0,0,5,0,0,3,0,0,0,2,0,0,0,0,0,0,0,1
4-9-2016,0,6,210,2,12,37,1,0,22,22,0,0,0,4,2,0,8,12
2-6-2014,0,0,2,0,0,0,0,0,0,0,0,0,0,0,0,0,0,0
8-11-2015,0,0,2,0,0,0,0,0,0,1,0,0,0,0,1,1,0,0
7-12-2014,0,1,1,0,0,0,0,0,1,0,0,0,0,0,0,0,0,0
21-6-2013,0,0,8,0,0,1,0,0,1,0,0,0,0,0,0,0,0,0
31-8-2016,0,2,9,0,0,4,0,0,2,3,0,1,0,0,1,0,2,0
6-8-2014,0,0,34,1,7,6,0,0,9,0,0,0,0,1,0,0,1,0
19-2-2014,0,0,0,0,0,0,0,0,2,0,0,0,0,0,0,0,0,0
17-3-2016,0,9,45,3,0,6,0,0,4,5,0,0,0,2,0,0,7,0
14-10-2016,0,1,14,0,0,3,0,0,4,3,0,1,0,0,0,1,4,0
6-1-2013,0,1,0,0,0,0,0,0,0,0,0,0,0,0,0,0,0,0
17-9-2016,0,0,13,0,0,0,0,1,2,0,0,0,0,0,0,0,1,0
27-3-2012,0,0,3,0,0,0,0,0,0,0,0,0,0,0,0,0,0,0
21-10-2011,0,0,9,0,0,0,0,0,0,0,0,0,0,0,0,0,0,0
22-12-2013,0,1,8,0,0,0,0,0,0,1,0,0,0,0,0,0,0,0
20-7-2014,0,0,67,1,15,13,0,0,21,10,0,0,0,1,0,0,3,3
4-1-2016,0,0,27,1,5,2,0,0,6,1,0,0,0,1,0,0,0,1
26-11-2016,0,0,6,1,0,0,0,0,2,1,0,0,0,0,0,0,0,0
23-2-2016,0,0,3,0,0,1,0,0,2,0,0,0,0,0,0,0,1,0
25-8-2015,0,0,1,0,0,0,0,0,0,0,0,0,0,0,0,0,0,0
31-5-2016,0,3,5,0,0,0,0,0,1,1,0,0,0,0,1,0,0,0
12-4-2012,0,0,15,0,0,0,0,0,0,1,1,0,0,1,0,0,0,0
18-6-2016,0,0,2,0,0,0,0,0,1,0,0,0,0,0,0,0,0,0
22-6-2013,0,3,12,1,0,2,0,0,4,1,0,0,0,0,0,0,3,0
2-9-2014,0,2,75,3,9,13,0,0,21,9,0,0,0,1,1,0,4,3
18-8-2016,0,0,45,0,1,4,0,0,4,3,0,0,0,0,0,0,2,1
21-6-2012,0,1,9,0,0,1,0,0,0,2,0,0,0,2,0,0,0,0
20-10-2014,0,0,26,0,4,3,0,0,9,0,0,0,0,0,0,0,0,0
2-2-2012,0,0,1,0,0,0,0,0,0,0,0,0,0,0,0,0,0,0
20-1-2013,0,0,2,0,0,0,0,0,0,1,0,0,0,0,0,0,0,0
26-9-2016,0,2,17,0,0,0,0,0,1,3,0,0,0,0,0,0,3,0
10-3-2016,0,2,6,0,0,1,0,0,1,1,0,0,0,0,0,0,1,0
3-10-2016,0,2,30,0,4,5,0,0,12,2,0,0,0,0,0,0,2,5
8-6-2014,0,0,0,0,0,0,0,0,0,0,0,0,0,0,0,0,0,0
2-5-2015,0,0,0,0,0,0,0,0,0,0,0,0,0,0,0,0,0,0
8-7-2016,0,0,18,2,0,9,0,0,43,1,0,0,0,2,0,0,1,0
27-1-2016,0,0,47,0,7,8,0,0,11,5,0,0,0,0,0,0,2,2
17-5-2014,0,0,4,0,0,1,0,0,4,0,0,0,0,0,0,0,0,0
28-11-2014,0,2,43,2,7,9,1,0,11,5,0,0,0,0,0,0,5,7
31-3-2014,0,0,2,0,0,1,0,0,2,0,1,0,0,0,0,0,0,0
7-2-2015,0,0,1,0,0,0,0,0,1,0,0,0,0,0,0,1,0,1
27-5-2012,0,1,0,0,0,0,0,0,0,0,0,0,0,0,0,0,1,0
29-7-2016,0,3,72,1,12,11,0,0,10,8,0,0,0,0,0,0,6,0
3-12-2014,0,1,135,4,9,17,0,0,39,19,0,0,0,0,0,0,10,10
30-11-2013,0,2,6,0,0,2,0,0,1,2,0,0,0,0,0,1,0,0
26-3-2015,0,0,15,0,3,2,0,0,8,1,0,0,0,0,0,0,0,0
8-3-2016,0,0,35,0,1,8,0,0,10,4,0,0,0,0,0,0,2,4
12-6-2012,0,0,1,0,0,0,0,0,1,0,0,0,0,0,0,0,0,0
23-8-2014,0,2,114,2,11,26,0,0,50,10,0,0,0,2,0,0,8,9
27-11-2012,0,0,2,0,0,0,0,0,1,1,0,0,0,0,0,0,0,0
1-5-2016,0,2,14,0,0,7,0,0,5,3,0,0,0,0,0,0,2,1
8-7-2015,0,1,55,1,12,12,0,0,16,5,0,0,0,2,0,0,4,0
19-5-2012,0,0,3,0,0,0,0,0,0,0,0,0,0,0,0,0,0,0
3-10-2012,0,0,1,0,0,0,0,0,1,0,0,0,0,0,0,0,0,0
10-12-2015,0,0,4,0,0,2,0,0,5,0,0,0,0,0,0,0,0,0
15-7-2011,0,0,4,1,0,0,0,0,0,0,0,0,0,0,0,0,1,0
2-12-2014,0,1,42,0,12,6,0,0,24,7,0,0,0,1,0,0,4,2
22-9-2016,0,6,28,0,0,5,0,0,20,6,0,0,0,4,0,1,4,0
23-7-2016,0,2,90,2,28,20,0,0,35,13,0,0,0,3,0,0,8,3
17-10-2015,0,1,13,1,0,0,0,0,3,1,0,0,0,1,0,0,0,1
21-10-2015,0,1,10,0,0,3,0,0,7,2,0,0,0,1,1,0,2,0
1-11-2013,0,0,0,0,0,0,0,0,0,0,0,0,0,0,0,0,0,0
31-7-2011,0,0,2,0,0,0,0,0,1,0,0,0,0,0,0,0,0,0
13-11-2015,0,0,7,0,0,1,0,0,7,0,0,0,0,0,0,0,2,0
31-10-2013,0,0,0,1,0,1,0,0,0,0,0,0,0,0,0,0,1,0
22-4-2016,0,0,2,0,0,0,0,0,0,0,0,0,0,1,0,0,0,0
21-7-2016,0,0,3,1,0,1,0,0,0,0,0,0,0,0,0,0,0,0
13-3-2012,0,0,4,0,0,0,0,0,0,0,0,0,0,0,0,0,0,0
8-2-2016,0,0,1,0,0,0,0,0,1,0,0,0,0,0,0,0,0,0
3-12-2012,0,1,1,0,0,1,0,0,0,1,0,0,0,0,0,0,1,0
11-2-2014,0,2,1,0,0,1,0,0,0,1,0,0,0,0,0,0,0,0
26-11-2012,0,0,0,0,0,1,0,0,0,1,0,0,0,0,0,0,0,0
24-7-2015,0,0,33,0,3,4,0,0,1,4,0,0,0,0,0,0,0,1
27-9-2014,1,0,154,3,42,32,1,0,43,16,0,0,0,4,0,0,9,11
12-6-2011,0,0,3,0,0,0,0,0,1,0,0,0,0,0,0,0,0,0
1-10-2013,0,0,1,0,0,0,0,0,0,0,0,0,0,0,0,0,0,0
22-1-2012,0,1,0,1,0,1,0,0,1,0,0,0,0,0,0,0,1,0
9-1-2016,0,1,53,2,1,9,0,0,5,3,0,0,0,0,0,1,2,2
28-11-2011,0,2,9,0,0,1,0,0,2,0,0,0,0,1,0,0,0,0
19-6-2013,0,1,17,0,3,5,0,0,5,2,0,0,0,0,0,0,0,0
18-12-2015,0,0,1,0,0,0,0,0,3,0,0,0,0,1,0,0,0,0
14-1-2014,0,1,6,0,0,1,0,0,2,0,0,0,0,0,0,0,0,0
8-9-2015,0,0,1,0,0,1,0,0,2,0,0,0,0,0,0,0,0,1
28-8-2016,0,4,48,2,0,5,0,0,19,9,0,0,0,0,1,0,6,0
7-3-2012,0,2,16,0,0,1,0,0,2,3,0,0,0,0,1,0,1,0
23-9-2016,0,6,183,3,28,26,1,0,20,18,0,0,0,1,0,0,11,4
7-6-2014,0,0,0,0,0,0,0,0,0,0,0,0,0,0,0,0,0,0
1-7-2014,0,0,8,0,0,1,0,0,0,0,0,0,0,1,0,0,0,0
16-5-2014,0,0,27,1,0,4,0,0,5,2,0,0,0,1,0,0,1,0
23-5-2014,0,0,2,0,0,0,0,0,0,0,0,0,0,0,0,0,0,0
8-3-2013,0,0,1,0,0,0,0,0,0,0,0,0,0,0,0,0,0,0
25-2-2016,0,1,18,1,0,1,0,0,8,1,0,0,0,0,0,1,1,0
22-4-2015,0,0,3,0,0,0,0,0,2,0,0,0,0,0,0,0,0,0
26-8-2016,0,1,19,0,0,7,0,0,21,0,0,0,0,0,0,0,0,0
3-1-2012,0,0,1,0,0,1,0,0,2,1,0,0,0,0,1,0,0,0
8-12-2014,0,0,1,0,0,0,0,0,0,0,0,0,0,0,0,0,0,0
14-5-2014,0,0,2,0,0,1,0,0,0,0,0,0,0,0,0,0,0,0
6-1-2016,0,0,0,0,0,0,0,0,0,0,0,0,0,0,0,0,0,0
23-9-2011,0,4,12,1,0,9,0,0,0,3,0,0,0,1,0,0,2,0
18-12-2011,0,0,1,0,0,0,0,0,0,0,0,0,0,0,0,0,0,0
2-11-2016,0,0,3,0,0,0,0,0,4,0,0,0,0,0,0,0,0,0
27-10-2012,0,0,1,0,0,0,0,0,4,2,0,0,0,0,0,0,0,0
23-8-2013,0,3,17,1,1,1,0,0,5,7,0,0,0,0,1,0,1,0
27-1-2014,0,0,1,0,0,0,0,0,0,0,0,0,0,0,0,0,0,0
28-8-2013,0,2,5,0,0,1,0,0,1,1,0,0,0,0,0,0,2,0
9-9-2016,0,7,61,0,0,12,0,0,12,6,0,0,0,2,0,0,3,3
6-10-2015,0,0,5,1,0,0,0,0,0,1,0,0,0,0,0,0,0,0
23-8-2011,0,0,36,1,0,7,0,0,3,1,0,0,0,1,0,0,1,2
24-4-2014,0,1,2,0,0,1,0,0,2,0,0,0,0,0,0,0,2,0
24-9-2016,0,1,14,0,0,2,0,0,1,5,0,0,0,0,0,0,2,0
22-7-2012,0,0,12,1,0,1,0,0,5,0,0,0,0,0,0,0,2,0
14-5-2013,0,0,0,3,0,0,0,0,0,0,0,0,0,0,0,0,0,0
8-5-2015,0,0,9,0,0,1,0,0,2,0,0,0,0,1,0,0,0,0
1-3-2016,0,3,13,3,0,9,0,0,50,3,0,0,0,0,1,0,1,0
21-11-2014,0,0,36,0,1,4,0,0,1,1,0,0,0,1,0,0,2,0
23-6-2016,0,2,3,0,0,0,0,0,2,1,0,0,0,0,0,0,0,0
8-8-2011,0,2,23,0,0,1,0,0,1,2,0,0,0,0,0,0,1,0
11-7-2011,0,0,2,0,0,1,0,0,1,0,0,0,0,1,0,0,1,0
13-2-2015,0,2,10,0,0,0,0,0,0,0,0,0,0,0,0,0,0,0
28-7-2016,0,4,58,3,0,8,0,0,32,10,0,0,0,3,3,1,5,0
2-2-2014,0,1,7,0,0,4,0,0,1,2,0,0,0,2,0,0,0,0
8-8-2013,0,0,7,0,0,0,0,0,1,0,0,0,0,0,0,0,0,0
20-7-2016,0,0,12,0,0,1,0,0,6,0,0,0,0,0,0,0,0,0
19-1-2014,0,4,12,0,0,3,0,0,3,2,0,0,0,0,0,0,0,0
29-7-2013,0,0,11,0,0,0,0,0,1,0,0,0,0,0,0,0,0,0
22-6-2015,0,0,11,1,0,2,0,0,1,1,0,0,0,0,0,0,2,0
31-10-2016,0,0,2,0,0,0,0,0,1,0,0,0,0,0,0,0,0,0
22-7-2014,0,0,25,0,2,3,0,0,6,1,0,0,0,0,0,0,0,1
29-4-2014,0,0,2,0,0,0,0,0,1,0,0,0,0,1,0,0,0,0
23-8-2016,0,5,43,1,4,8,0,0,10,3,0,0,0,0,0,1,2,2
16-4-2012,0,8,79,1,0,13,0,0,9,8,0,0,0,0,0,0,11,0
30-6-2016,0,4,22,0,2,2,0,0,12,2,0,0,0,1,1,0,1,2
20-9-2016,0,4,120,2,9,12,0,0,20,6,0,0,0,1,0,0,4,4
30-4-2015,0,0,1,0,0,0,0,0,1,0,0,0,0,0,0,0,0,0
19-6-2016,0,1,30,0,1,4,0,0,5,2,0,0,0,0,0,0,3,1
20-1-2015,0,0,1,0,0,0,0,0,0,0,0,0,0,0,0,0,0,0
3-10-2011,0,0,4,0,0,0,0,0,1,1,0,0,0,0,0,0,1,0
28-8-2014,0,2,130,0,12,19,0,0,38,8,0,0,0,4,0,0,8,5
1-2-2016,0,2,2,3,0,0,0,0,3,0,0,0,0,0,0,0,0,0
18-7-2014,0,0,8,0,0,1,0,0,3,0,0,0,0,0,0,0,0,0
22-10-2014,0,0,1,0,0,0,0,0,2,1,0,0,0,0,0,0,0,0
1-6-2016,0,0,6,0,0,1,0,0,0,0,0,0,0,0,0,0,0,0
5-3-2013,0,0,1,0,0,1,0,0,0,0,0,0,0,0,0,0,0,0
26-10-2015,0,0,13,0,0,1,0,0,3,0,0,0,0,0,0,0,0,0
22-8-2016,0,6,32,1,0,4,0,0,1,6,0,0,0,0,2,0,9,0
18-2-2013,0,0,3,0,0,0,0,0,1,1,0,0,0,0,0,0,0,0
23-5-2012,0,0,11,0,0,1,0,0,0,0,0,0,0,0,0,0,0,0
15-10-2013,0,0,1,0,0,0,0,0,2,0,0,0,0,0,0,0,0,0
31-1-2015,0,0,6,0,0,0,0,0,2,0,0,0,0,0,0,0,0,0
20-10-2016,1,1,13,0,0,1,0,0,3,2,0,0,0,1,0,0,1,0
4-11-2015,0,1,11,0,1,0,0,0,3,0,0,0,0,0,1,0,0,0
16-10-2015,0,2,49,0,6,10,1,0,12,1,0,1,0,0,0,1,0,2
4-11-2014,0,1,73,1,7,11,0,0,22,9,0,0,0,2,0,0,1,6
20-12-2015,0,0,1,0,0,0,0,0,6,0,0,0,0,0,0,0,0,0
17-8-2011,0,0,99,4,3,10,0,0,3,14,0,0,0,1,0,1,8,2
16-11-2012,0,1,6,0,0,2,0,0,0,1,0,0,0,0,0,0,0,0
11-5-2012,0,0,10,0,0,1,0,0,3,0,0,0,0,0,0,0,1,0
18-9-2013,0,0,0,0,0,0,0,0,1,0,0,0,0,0,0,0,0,0
16-1-2015,0,0,0,0,0,0,0,0,0,0,0,0,0,0,0,0,0,0
9-11-2016,0,4,14,1,0,2,0,0,6,2,0,0,0,1,0,0,2,0
11-1-2014,0,0,1,0,0,0,0,0,0,0,0,0,0,0,0,0,0,0
28-10-2015,0,4,12,0,0,2,0,0,4,0,0,0,0,1,1,1,0,0
8-9-2016,0,1,28,1,1,1,0,0,9,4,0,0,0,0,0,0,2,0
30-4-2013,0,1,0,0,0,0,0,0,1,0,0,0,0,0,0,0,1,0
26-9-2013,0,0,1,0,0,0,0,0,0,0,0,0,0,0,0,0,0,0
20-11-2015,0,0,2,0,0,0,0,0,1,0,0,0,0,0,0,0,0,0
7-11-2016,0,0,1,0,0,1,0,0,1,0,0,0,0,0,0,0,0,0
18-9-2014,0,0,8,0,0,0,0,0,2,0,0,0,0,0,0,0,0,0
4-7-2013,0,1,3,2,0,0,0,0,5,0,0,0,0,0,0,0,0,0
10-4-2015,1,0,1,0,0,1,0,0,1,0,0,0,0,0,0,1,0,0
10-9-2013,0,0,2,0,3,1,0,0,1,1,0,0,0,0,0,0,0,0
31-12-2011,0,0,3,0,0,0,0,0,0,0,0,0,0,0,0,0,0,0
12-12-2013,0,0,2,0,0,0,0,0,0,0,0,0,0,0,0,0,0,0
31-7-2014,0,1,133,3,11,26,0,0,25,13,0,0,0,0,0,0,8,8
12-8-2013,0,3,7,0,0,3,0,0,7,1,0,0,0,0,0,0,2,0
24-4-2013,0,0,3,0,0,2,0,0,2,0,0,0,0,0,1,0,0,0
14-3-2012,0,0,1,0,0,0,0,0,0,0,0,0,0,0,0,0,0,0
4-8-2013,0,0,0,0,0,0,0,0,0,0,0,0,0,0,0,0,0,0
27-9-2016,0,1,12,1,0,2,0,0,5,2,0,0,0,0,0,0,1,0
25-11-2014,1,0,30,2,2,10,0,0,10,8,0,1,0,1,0,0,6,5
13-9-2014,1,3,125,3,16,24,0,0,23,6,0,0,0,3,0,0,5,12
19-10-2014,0,1,49,0,2,8,0,0,16,2,0,0,0,2,0,0,1,4
21-5-2015,1,1,30,0,2,10,0,0,17,3,0,0,0,1,0,0,4,2
26-5-2014,0,9,47,2,0,11,0,0,12,4,0,0,0,0,0,0,4,0
18-1-2012,0,0,1,0,0,0,0,0,0,0,0,0,0,0,0,0,0,0
27-1-2015,0,0,2,0,0,0,0,0,1,0,0,0,0,0,0,0,0,0
29-11-2014,0,0,49,1,11,8,0,0,13,3,0,0,1,1,0,0,3,1
13-5-2012,0,0,1,0,0,0,0,0,0,0,0,0,0,0,0,0,0,0
28-11-2015,0,3,10,0,0,2,0,0,2,4,0,0,0,0,1,0,1,0
20-8-2016,0,0,33,0,2,8,0,0,7,3,0,0,0,1,0,0,3,4
5-8-2015,0,0,0,0,0,0,0,0,0,0,0,0,0,0,0,0,0,0
25-9-2015,0,1,73,0,11,13,0,0,11,4,0,0,0,1,1,0,6,1
7-7-2015,0,0,0,0,0,0,0,0,0,1,0,0,0,0,0,0,0,0
11-12-2012,0,0,2,0,0,1,0,0,1,1,0,0,0,0,0,0,0,1
10-8-2013,0,1,14,1,0,3,0,0,3,1,0,0,0,1,0,0,2,0
2-12-2011,0,0,1,0,0,0,0,0,1,0,0,0,0,1,0,0,0,0
1-9-2013,0,2,12,0,0,0,0,0,3,0,0,0,0,0,0,0,0,1
7-8-2011,0,9,240,4,24,34,0,0,3,17,0,0,0,2,0,4,3,18
12-10-2014,0,0,22,1,0,6,0,0,8,1,0,0,0,1,0,0,0,2
10-1-2016,0,1,16,2,0,3,0,0,0,2,0,0,0,0,1,0,0,0
9-7-2015,0,0,1,0,0,0,0,0,0,0,0,0,0,0,0,0,0,0
19-10-2015,0,0,5,1,0,2,0,0,2,0,0,0,0,0,0,0,1,0
6-12-2012,0,0,2,0,0,0,0,0,0,0,0,0,0,0,0,0,0,0
2-3-2016,0,0,11,0,0,0,0,0,8,1,0,0,0,0,0,0,0,0
28-9-2014,0,0,203,4,47,41,0,0,78,19,0,1,0,4,0,0,7,8
12-1-2012,0,0,1,0,0,0,0,0,0,0,0,0,0,0,0,0,0,0
7-6-2012,0,1,3,0,0,0,0,0,3,0,0,0,0,0,0,0,0,0
9-7-2016,0,0,2,0,0,1,0,0,10,0,0,0,0,0,0,0,0,0
3-4-2015,0,2,6,0,0,1,0,0,3,1,0,0,0,0,0,0,2,0
31-7-2016,0,0,7,2,0,4,0,0,5,1,0,0,0,0,0,0,1,0
5-10-2015,0,1,20,0,2,2,0,0,3,1,0,0,0,0,0,0,0,1
13-7-2014,0,0,0,0,0,0,0,0,0,0,0,0,0,0,0,0,0,0
2-6-2016,0,1,20,0,0,6,0,0,2,1,0,0,0,0,0,0,3,0
22-8-2015,0,0,1,0,0,0,0,0,0,1,0,0,0,0,0,0,0,0
7-4-2016,0,0,5,0,0,1,0,0,0,0,0,0,0,0,0,0,0,0
9-5-2013,0,3,2,0,0,0,0,0,1,1,0,0,0,0,0,0,0,0
2-9-2013,0,2,0,0,0,0,0,0,0,0,0,0,0,0,0,0,0,0
11-9-2011,0,0,2,0,0,0,0,0,0,0,0,0,0,0,0,0,0,0
27-1-2013,0,1,8,0,0,2,0,0,1,1,0,0,0,0,1,0,1,0
6-8-2015,0,1,0,0,0,0,0,0,0,0,0,0,0,0,0,0,0,0
7-1-2016,0,0,4,0,0,0,0,0,0,0,0,0,0,0,0,0,0,0
18-10-2016,0,1,4,1,0,0,1,0,0,1,0,0,0,0,0,0,1,0
8-1-2014,0,0,1,0,0,1,0,0,0,0,0,0,0,0,0,0,0,0
1-4-2016,0,4,13,0,0,4,0,0,1,4,0,0,0,0,0,0,2,0
31-5-2015,0,0,1,0,0,0,0,0,2,0,0,0,0,0,0,0,0,0
13-9-2016,0,1,56,1,3,11,0,0,18,2,0,0,0,0,0,0,1,2
20-11-2013,0,1,12,0,0,0,0,0,0,0,0,0,0,0,2,1,0,0
24-10-2015,0,0,5,0,0,3,0,0,2,1,0,0,0,0,0,0,1,0
16-8-2012,0,1,3,0,0,1,0,0,0,0,0,0,0,0,0,0,0,0
4-9-2014,0,2,127,1,28,16,1,0,28,8,0,0,0,1,0,0,6,12
30-3-2014,0,1,5,0,0,0,0,0,1,1,0,0,0,1,0,0,0,0
19-8-2016,0,2,19,0,0,5,0,0,26,5,0,0,0,0,0,0,2,1
5-9-2012,1,1,53,0,2,12,0,0,22,2,0,0,0,6,0,0,1,3
22-1-2016,0,1,4,0,0,1,0,0,4,0,0,0,0,0,0,0,0,0
16-8-2013,0,0,1,0,0,0,0,0,0,0,0,0,0,0,0,0,0,0
13-9-2013,0,1,2,1,0,0,0,0,1,0,0,0,0,0,0,0,0,0
15-11-2011,0,0,3,0,0,1,0,0,1,1,0,0,0,0,0,0,1,0
13-11-2013,0,0,3,0,0,0,0,0,1,0,0,0,0,0,0,0,0,0
9-11-2012,0,0,3,0,0,0,0,0,0,0,0,0,0,0,0,0,0,0
10-9-2015,0,0,9,0,0,1,0,0,8,0,0,0,0,0,0,0,1,0
25-7-2013,0,0,1,0,0,0,0,0,0,0,0,0,0,0,0,0,0,0
2-1-2014,0,0,2,0,0,0,0,0,0,0,0,0,0,0,0,0,0,0
30-11-2016,0,0,3,0,0,1,0,0,2,2,0,0,0,1,0,1,1,0
26-12-2015,0,0,2,0,0,1,0,0,0,0,0,0,0,0,0,0,0,0
1-10-2011,0,1,1,0,0,1,0,0,3,0,0,0,0,0,0,0,0,1
20-7-2013,0,1,2,0,0,1,0,0,1,0,0,0,0,0,0,0,1,0
20-9-2015,0,0,1,0,0,0,0,0,1,0,0,0,0,0,0,0,0,0
27-6-2014,0,0,0,0,0,0,0,0,2,0,0,0,0,0,0,0,0,0
6-12-2015,0,0,4,0,0,2,0,0,0,1,0,0,0,0,1,0,0,0
24-12-2014,0,0,30,1,4,6,0,0,19,4,0,0,0,1,0,0,2,3
5-1-2013,0,1,0,0,0,1,0,0,0,0,0,0,0,0,0,0,0,0
15-8-2014,0,0,18,1,1,2,0,0,3,0,0,0,0,0,0,0,1,1
9-9-2013,0,1,1,0,0,2,0,0,0,0,0,0,0,0,0,0,0,0
9-6-2016,0,4,15,1,0,1,0,0,8,3,0,0,0,2,0,0,2,0
4-8-2011,0,1,4,0,0,1,0,0,3,0,0,0,0,0,0,0,1,0
26-9-2014,0,0,20,0,2,2,0,0,7,2,0,0,0,0,0,0,0,1
29-10-2013,0,0,12,0,0,0,0,0,1,0,0,0,0,0,0,0,1,0
3-2-2012,0,0,2,0,0,0,0,0,0,0,0,0,0,0,0,0,0,0
27-10-2014,0,1,20,1,0,1,0,0,5,1,0,0,0,0,0,0,1,1
15-3-2013,0,0,14,0,0,2,0,0,3,0,0,0,0,0,0,0,0,2
14-4-2015,0,0,2,0,0,1,0,0,1,1,0,0,0,1,0,0,0,0
30-10-2014,0,1,27,0,3,3,0,0,10,4,0,0,0,0,0,0,1,4
13-9-2015,0,0,4,0,0,2,0,0,3,3,0,0,0,0,0,0,0,0
28-9-2015,0,3,36,1,7,6,0,0,12,3,0,0,0,0,0,0,3,1
24-6-2016,0,0,2,0,0,0,0,0,0,0,0,0,0,0,0,0,0,0
6-5-2014,0,4,13,1,0,1,0,0,4,0,0,0,0,0,2,0,0,0
11-10-2015,0,1,35,4,0,5,0,0,7,2,0,0,0,0,0,0,0,0
27-10-2016,0,0,1,0,0,0,0,0,0,0,0,0,0,0,0,0,0,0
7-5-2014,0,2,31,0,0,3,0,1,4,0,0,0,0,0,2,0,2,0
29-1-2013,0,0,1,0,0,0,0,0,2,1,0,0,0,1,0,0,0,0
15-5-2016,0,0,0,0,0,0,0,0,7,0,0,0,0,0,0,0,0,0
12-8-2014,0,0,74,1,4,6,2,0,23,2,0,0,0,2,0,0,0,5
6-6-2015,0,0,2,0,0,0,0,0,2,0,0,0,0,0,0,0,0,0
15-3-2016,0,0,2,0,0,2,0,0,1,1,0,0,0,0,0,0,1,0
18-5-2012,0,0,18,0,0,3,0,1,3,1,0,0,0,0,0,0,4,0
2-7-2014,0,0,1,0,0,1,0,0,16,0,0,0,0,0,0,0,0,0
6-11-2012,0,0,1,0,0,0,0,0,0,0,0,0,0,0,0,0,0,0
18-6-2013,0,3,29,2,0,4,0,0,0,2,0,0,0,0,3,0,2,0
15-11-2015,0,1,14,0,0,2,0,0,4,1,0,0,0,0,1,0,1,0
7-4-2015,0,0,20,0,0,2,0,0,6,1,0,0,0,0,1,0,0,1
5-10-2016,0,1,18,1,3,0,0,0,11,1,0,0,0,0,0,0,1,1
12-4-2015,0,2,2,0,0,0,0,0,2,0,0,0,0,0,0,0,0,0
25-1-2014,0,1,1,0,0,1,0,0,1,0,0,0,0,0,0,0,1,0
11-2-2012,0,1,2,0,0,1,0,0,1,0,0,0,0,0,0,0,1,0
13-6-2011,0,0,1,0,0,0,0,0,0,0,0,0,0,0,0,0,0,0
15-6-2015,0,0,1,0,0,1,0,0,0,0,0,0,0,0,0,0,0,0
18-10-2014,0,0,24,0,1,3,0,0,7,0,0,0,0,0,0,0,0,0
1-3-2014,0,2,3,0,0,2,0,0,1,1,0,0,0,0,0,0,0,0
10-11-2011,0,0,2,0,0,0,0,0,0,0,0,0,0,0,0,0,0,0
6-3-2012,0,0,8,0,0,2,0,0,4,3,0,0,0,0,1,0,0,0
17-4-2012,0,0,7,0,0,0,0,0,2,0,0,0,0,1,0,0,1,0
25-1-2016,0,1,19,0,0,3,0,0,8,0,1,0,0,4,0,1,2,0
22-1-2015,0,0,3,0,0,1,0,0,12,0,0,0,0,0,0,0,0,0
5-11-2014,0,0,21,2,5,5,0,0,5,3,0,0,0,1,0,0,0,0
14-1-2015,0,0,0,0,0,0,0,0,2,0,0,0,0,0,0,0,0,0
9-5-2015,0,0,6,0,0,1,0,0,1,2,0,0,0,0,0,0,1,1
23-1-2013,0,0,3,0,0,0,0,0,1,0,0,0,0,0,1,0,0,0
26-3-2016,0,0,1,0,0,0,0,0,3,1,0,0,0,0,0,0,0,0
24-10-2014,1,0,86,3,7,18,0,0,45,11,0,0,0,3,0,0,4,3
21-10-2014,0,0,18,2,0,5,0,0,5,2,0,0,0,0,0,0,2,1
1-2-2014,0,0,3,0,0,0,0,0,1,0,0,0,0,0,0,0,0,0
27-12-2011,0,4,21,0,0,4,0,0,4,5,0,0,0,0,0,0,5,0
27-4-2015,0,0,49,1,12,12,0,0,19,4,0,0,0,0,0,0,2,3
5-7-2014,0,0,39,0,11,7,0,0,4,0,0,0,0,0,0,0,2,0
21-4-2016,0,0,1,0,0,0,0,0,2,0,0,0,0,0,0,0,0,0
28-1-2016,0,5,28,6,0,2,0,1,5,5,0,0,0,0,1,0,2,0
7-12-2016,0,0,10,0,0,0,0,0,1,0,0,0,0,0,0,0,0,0
17-1-2014,0,0,4,1,0,0,0,0,0,0,0,0,0,0,0,0,0,0
23-4-2013,0,1,6,0,0,1,0,0,1,0,0,0,0,0,0,0,0,0
13-2-2016,0,0,0,0,0,0,0,0,0,0,0,0,0,0,0,0,0,0
26-8-2013,0,0,1,0,0,0,0,0,1,0,0,0,0,0,0,0,0,0
10-10-2015,0,0,3,0,0,0,0,0,3,0,0,0,0,0,0,0,0,0
24-1-2016,0,0,1,0,0,0,0,0,8,1,0,0,0,0,0,0,1,0
17-11-2011,0,0,4,0,0,1,0,0,2,0,0,0,0,0,0,0,1,0
8-12-2015,0,0,8,0,0,0,0,0,4,1,0,0,0,0,0,0,1,0
25-6-2014,0,0,4,0,0,0,0,0,1,0,0,0,0,0,0,0,0,0
5-9-2014,0,1,49,0,10,8,0,0,11,7,0,0,0,1,0,0,6,3
1-11-2014,0,0,41,2,9,7,0,0,15,1,0,0,0,0,0,0,0,1
28-2-2015,0,0,2,0,0,0,0,0,0,0,0,0,0,0,0,0,0,0
8-8-2016,0,0,1,0,0,0,0,0,1,0,0,0,0,0,0,0,0,0
5-3-2014,0,0,0,0,0,0,0,0,0,1,0,0,0,0,0,0,0,0
27-8-2013,0,0,4,0,0,1,0,0,1,0,0,0,0,0,0,0,0,0
20-2-2015,0,0,4,0,0,1,0,0,2,0,0,0,0,0,0,0,0,0
26-5-2016,0,0,7,0,0,1,0,0,0,2,0,0,0,1,1,0,0,0
2-4-2014,0,3,11,0,0,2,0,0,1,3,0,0,0,0,1,1,0,0
12-5-2016,0,0,0,0,0,0,0,0,0,0,0,0,0,0,0,0,0,0
2-6-2012,0,0,5,0,2,1,0,0,2,0,0,0,0,0,0,0,0,0
15-1-2012,0,0,35,0,0,2,0,0,1,1,0,0,0,0,0,0,0,0
24-8-2013,0,2,7,0,0,1,0,0,0,2,0,0,0,0,0,0,1,0
25-1-2015,0,0,3,0,0,0,0,0,3,1,0,0,0,0,0,0,0,0
4-3-2015,1,0,14,0,9,3,0,0,0,1,0,0,0,0,0,0,1,2
12-4-2016,0,0,13,0,6,2,0,0,3,4,0,0,0,1,0,0,3,3
19-3-2012,0,0,1,0,0,0,0,0,0,0,0,0,0,0,0,0,0,0
17-5-2012,0,0,13,0,0,2,0,0,2,2,0,0,0,0,0,0,1,1
6-2-2014,0,0,4,0,0,0,0,0,0,0,0,0,0,0,0,0,0,0
27-4-2014,0,2,4,0,0,0,0,0,3,0,1,0,0,0,0,0,0,0
25-5-2016,0,0,7,0,0,0,0,0,0,0,0,0,0,0,0,0,0,0
6-2-2013,0,3,14,1,0,3,0,0,0,4,0,0,0,0,0,1,0,0
5-12-2013,0,0,11,0,0,2,0,0,7,2,0,0,0,0,0,0,1,2
4-10-2014,0,0,34,0,6,4,0,0,9,1,0,0,0,1,0,0,0,0
27-11-2015,0,2,1,0,0,1,0,0,1,0,0,0,0,1,0,0,0,0
19-11-2012,0,0,5,0,0,1,0,0,1,0,0,0,0,0,0,0,1,0
30-10-2013,0,3,42,0,7,3,0,0,13,1,0,0,0,0,0,0,1,1
12-11-2011,0,0,1,0,0,1,0,0,3,0,0,0,0,0,0,0,0,0
4-5-2016,0,3,14,0,0,1,0,0,2,5,0,0,0,0,0,0,1,0
29-12-2013,0,0,3,0,0,0,0,0,1,0,0,0,0,0,0,0,0,0
15-5-2013,0,0,2,0,0,0,0,0,0,0,0,0,0,0,0,0,0,0
25-11-2013,0,1,7,0,0,3,0,0,0,1,0,0,0,0,2,0,0,1
7-5-2015,1,1,17,1,4,7,0,0,10,1,0,0,0,1,0,0,1,0
5-10-2012,0,0,3,0,0,0,0,0,0,0,0,0,0,0,0,0,0,0
22-4-2014,0,0,1,0,0,0,0,0,0,0,0,0,0,0,0,0,0,0
23-10-2014,0,1,48,2,4,9,0,0,9,7,0,0,0,0,0,0,1,3
1-1-2013,0,0,1,0,0,0,0,0,0,0,0,0,0,0,0,0,0,0
17-11-2012,0,1,4,0,0,1,0,0,2,2,0,0,0,0,1,0,1,0
7-8-2013,0,0,8,0,0,0,0,0,1,2,0,1,0,0,0,0,0,0
29-8-2016,0,0,43,1,0,3,0,0,4,6,0,0,0,1,0,0,3,0
14-11-2016,0,0,2,0,0,0,0,0,0,2,0,0,0,0,0,1,1,0
5-4-2015,0,0,5,0,2,1,0,0,2,2,0,0,0,0,0,0,2,0
20-9-2013,0,1,1,1,0,0,0,0,0,0,0,0,0,1,0,0,0,0
20-3-2014,0,1,4,0,0,1,0,0,1,1,0,0,0,0,0,0,1,0
1-10-2015,0,0,35,1,0,3,0,0,14,1,0,0,0,1,0,0,1,3
15-8-2013,0,0,14,0,0,2,0,0,5,5,0,0,0,2,0,0,1,0
1-11-2011,0,0,0,0,0,0,0,0,0,1,0,0,0,0,0,0,0,0
15-4-2013,0,0,1,0,0,0,0,0,0,0,0,0,0,0,0,0,0,0
7-9-2013,0,0,1,0,0,0,0,0,0,0,0,0,0,0,0,0,0,0
28-1-2015,0,2,34,0,6,13,0,0,12,1,0,0,0,1,0,0,2,1
25-8-2014,0,0,31,0,2,4,0,0,14,2,0,0,0,0,0,0,0,3
30-5-2015,0,0,3,0,0,1,0,0,4,1,0,0,0,2,0,0,0,0
5-10-2013,0,0,3,0,0,0,0,0,0,0,0,0,0,0,0,0,0,0
31-3-2016,0,0,13,0,0,1,0,0,8,0,0,0,0,0,0,0,0,0
10-10-2016,0,0,8,0,0,2,0,0,2,3,0,0,0,0,0,0,0,1
5-12-2014,0,0,9,0,0,0,0,0,1,1,0,0,0,0,0,0,0,0
23-8-2012,0,0,1,0,0,2,0,0,0,1,0,0,0,0,0,0,0,0
12-11-2013,0,0,7,0,0,0,0,0,1,1,0,0,0,0,0,0,0,0
15-7-2016,0,4,34,1,4,5,0,0,13,5,0,0,0,1,1,1,2,3
9-4-2013,0,0,0,0,0,0,0,0,0,0,0,0,0,0,0,0,0,0
1-8-2016,0,1,17,0,0,3,0,0,3,3,0,0,0,1,0,0,3,1
14-3-2015,0,0,3,0,0,0,0,0,2,0,0,0,0,0,0,0,0,0
30-11-2014,0,3,87,0,9,25,1,0,15,15,2,0,0,2,1,1,11,3
13-2-2013,0,2,4,1,0,0,0,0,4,1,0,0,0,0,0,0,0,0
4-9-2011,0,6,84,1,2,18,0,0,10,5,0,0,0,1,0,2,5,2
30-10-2016,0,1,7,0,0,2,0,0,2,1,0,0,0,0,0,0,2,0
7-8-2015,0,0,0,0,0,0,0,0,0,0,0,0,0,0,0,0,0,0
23-10-2013,0,0,2,0,0,0,0,0,0,0,0,0,0,0,0,0,0,0
23-4-2014,0,0,4,0,0,1,0,0,7,0,0,0,0,0,0,0,0,0
5-5-2016,0,1,13,0,0,2,0,0,3,4,0,0,0,1,2,0,3,0
31-10-2011,0,0,9,0,0,2,0,0,4,0,0,0,0,0,0,0,0,0
17-11-2015,0,0,1,0,0,0,0,0,0,0,0,0,0,0,0,0,0,0
16-12-2015,0,0,6,0,0,0,0,0,2,1,0,0,0,1,0,0,0,0
17-4-2016,0,1,2,0,0,0,0,0,11,1,0,0,0,0,0,0,0,0
25-11-2015,0,0,9,0,0,1,0,0,1,0,0,0,0,0,0,0,1,0
14-6-2013,0,0,1,0,0,0,0,0,0,0,0,0,0,0,0,0,0,0
22-7-2016,0,0,1,0,0,0,0,0,2,0,0,0,0,0,0,0,0,0
5-2-2016,0,0,4,0,0,1,0,0,4,0,0,0,0,0,1,0,0,0
3-7-2015,0,0,7,0,0,2,0,0,5,1,0,0,0,0,0,0,1,0
26-9-2011,0,3,100,5,8,18,0,0,2,6,0,0,0,1,1,0,5,7
26-1-2015,0,0,7,0,1,1,0,0,4,1,0,0,0,0,0,0,1,1
26-12-2014,0,0,54,0,9,7,0,0,26,6,0,0,0,0,0,1,2,6
13-11-2012,0,3,12,0,0,5,1,0,0,3,0,0,0,1,0,0,0,0
7-8-2016,0,0,13,0,0,2,0,0,0,2,0,0,0,0,1,0,0,0
24-2-2016,0,3,12,0,0,5,0,0,12,2,0,0,0,1,2,0,2,0
22-10-2012,0,0,3,0,0,0,0,0,1,0,0,0,0,0,0,0,0,0
26-8-2012,0,1,1,0,0,1,0,0,0,1,0,0,0,0,0,0,0,0
15-10-2016,0,1,17,0,3,1,0,0,9,6,0,0,0,0,0,0,0,0
20-12-2014,0,0,5,0,0,0,0,0,2,1,0,0,0,1,0,0,2,0
5-10-2014,0,0,1,0,3,0,0,0,2,0,0,0,0,0,0,0,0,0
9-10-2013,0,0,1,0,0,0,0,0,0,0,0,0,0,0,0,0,0,0
8-4-2015,0,1,9,0,0,5,0,0,5,2,0,0,0,0,0,0,1,1
17-7-2016,0,5,26,0,0,1,0,0,41,3,0,0,0,0,1,0,2,0
27-7-2016,0,7,180,2,29,30,1,0,21,10,0,1,0,1,2,0,4,11
10-7-2015,0,0,0,0,0,0,0,0,0,0,0,0,0,0,0,0,0,0
4-2-2016,0,0,4,1,0,1,0,0,0,2,0,0,0,0,1,1,1,0
26-4-2012,0,0,3,0,0,0,0,0,0,0,0,0,0,0,0,0,0,0
22-11-2013,0,1,0,0,0,0,0,0,0,0,0,0,0,0,0,0,0,0
2-5-2013,0,1,13,0,0,0,0,0,1,1,0,0,0,1,0,1,0,0
11-4-2016,0,0,25,0,4,4,0,0,3,10,0,0,0,0,0,0,1,1
24-1-2015,0,0,1,0,0,0,0,0,0,1,0,0,0,0,0,0,0,0
14-7-2016,0,4,69,3,3,11,0,0,31,2,0,0,0,0,1,0,1,2
19-1-2015,0,0,3,0,0,0,0,0,4,0,0,0,0,0,0,0,0,0
31-1-2016,0,0,4,0,0,0,0,0,0,0,0,0,0,0,0,0,0,0
28-4-2016,0,0,6,0,0,0,0,0,0,2,0,0,0,0,0,0,1,0
15-2-2016,0,1,1,1,0,1,0,0,1,1,0,0,0,0,0,0,0,0
2-9-2016,1,2,107,0,15,16,0,0,32,10,0,0,0,1,0,0,8,4
10-6-2011,0,0,1,0,0,0,0,0,0,0,0,0,0,0,0,0,0,0
26-10-2014,0,3,182,1,21,27,0,0,50,16,0,0,0,4,0,0,9,6
2-5-2016,0,0,4,0,0,0,0,0,2,0,0,0,0,0,0,0,0,0
3-11-2011,0,1,1,0,0,1,0,0,2,0,0,0,0,0,0,0,0,0
20-11-2016,0,1,1,0,0,0,0,0,3,2,0,0,0,0,0,0,0,0
14-3-2016,0,0,1,0,0,0,0,0,0,0,0,0,0,0,1,0,0,0
19-11-2015,0,1,4,2,0,1,0,0,3,1,0,0,0,0,1,0,1,0
5-2-2015,0,1,4,0,0,0,0,0,1,1,0,0,0,0,0,0,0,1
17-5-2016,0,0,12,0,0,4,0,0,19,2,0,0,0,0,0,0,1,0
27-7-2014,0,5,177,2,25,22,0,0,63,14,0,0,0,3,0,1,10,13
5-5-2014,0,0,21,0,0,1,0,0,0,4,0,0,0,0,1,1,1,0
15-12-2011,0,1,20,0,0,2,0,0,2,2,0,0,0,0,0,0,2,0
2-2-2015,0,0,1,0,0,0,0,0,0,0,0,0,0,0,0,0,0,0
23-11-2015,0,0,8,0,0,0,0,0,1,1,0,0,0,0,0,0,0,0
28-10-2016,0,2,21,0,0,3,0,0,9,0,0,0,0,2,0,0,2,1
21-8-2016,0,1,4,0,0,1,0,0,0,0,0,0,0,0,0,0,0,0
21-3-2015,0,0,0,0,0,0,0,0,0,0,0,0,0,0,0,0,0,0
2-2-2016,0,0,7,0,0,3,0,0,4,1,0,0,0,0,0,0,0,0
22-7-2015,0,0,28,0,1,0,0,0,0,0,0,0,0,0,0,0,1,0
1-10-2016,0,3,34,1,3,2,0,0,6,6,0,0,0,2,0,0,0,0
27-8-2015,0,0,57,2,4,15,0,0,12,4,0,0,0,0,0,0,5,5
9-3-2014,0,0,13,0,7,2,0,0,0,2,0,0,0,0,0,0,3,0
4-2-2015,0,1,13,0,0,2,0,0,1,2,0,0,0,0,0,0,2,0
27-10-2015,0,0,11,0,0,3,0,0,2,1,0,0,0,1,0,0,2,0
10-7-2014,0,0,7,2,0,2,0,0,0,0,0,0,0,0,0,0,1,0
19-4-2012,0,2,16,0,0,1,0,0,1,1,0,0,0,0,1,0,3,0
11-8-2016,0,0,0,0,0,1,0,0,0,0,0,0,0,0,0,0,0,0
11-3-2016,0,0,0,0,0,0,0,0,0,1,0,0,0,0,0,0,0,0
30-12-2013,0,13,544,11,20,112,2,16,25,70,0,0,0,5,0,0,40,22
11-11-2012,0,0,5,0,0,0,0,0,0,0,0,0,0,0,0,0,0,0
16-8-2016,0,2,23,1,0,12,0,0,41,4,0,0,0,0,0,0,1,0
18-1-2016,0,0,6,0,0,0,0,0,0,0,0,0,0,0,0,0,0,0
11-2-2016,0,0,6,0,0,2,0,0,7,2,0,0,0,0,0,0,0,0
16-11-2014,0,0,6,0,0,1,0,0,2,0,0,0,0,0,0,0,0,0
14-5-2012,0,3,146,2,8,27,0,4,20,21,0,0,0,2,1,0,8,5
15-9-2016,0,0,37,0,0,8,0,0,8,4,0,0,0,0,0,0,5,1
19-8-2015,0,0,0,0,0,0,0,0,1,0,0,0,0,0,0,0,1,0
15-2-2014,0,0,1,1,0,0,0,0,1,0,0,0,0,0,0,0,0,0
6-11-2016,0,2,39,0,4,5,0,0,17,5,0,0,0,0,2,0,3,2
24-4-2016,0,0,1,0,0,0,0,0,0,0,0,0,0,0,0,0,0,0
8-6-2011,0,1,2,0,0,1,0,0,0,0,0,0,0,0,0,0,0,0
25-9-2016,0,0,1,0,0,1,0,0,2,1,0,0,0,0,0,0,0,0
7-9-2016,0,3,76,1,9,19,0,0,14,12,0,0,0,1,0,0,8,2
12-10-2013,0,2,35,1,10,6,0,0,11,4,0,0,0,1,0,1,4,0
8-6-2012,0,0,5,0,0,5,0,0,1,0,1,0,0,0,0,0,1,0
7-11-2015,0,0,0,0,0,1,0,0,1,0,0,0,0,0,1,0,0,0
15-10-2011,0,0,0,0,0,0,0,0,0,0,0,0,0,1,0,0,0,0
30-12-2014,0,1,122,4,17,26,0,0,34,6,0,0,0,5,0,1,3,7
11-1-2016,0,0,84,2,14,22,0,0,21,4,0,0,0,3,0,1,2,5
11-9-2016,0,2,76,2,15,10,0,0,12,2,0,0,0,1,0,1,2,4
28-2-2013,0,0,1,0,0,0,0,0,1,0,0,0,0,0,0,0,0,0
9-8-2014,0,1,70,1,10,3,0,0,22,5,0,0,0,0,0,0,3,1
1-1-2015,0,3,18,0,0,2,0,0,4,0,0,0,0,0,0,0,1,0
19-4-2015,0,0,1,1,0,0,0,0,1,0,0,0,0,0,0,0,0,0
2-7-2016,0,0,33,0,0,10,0,0,10,1,0,0,0,1,0,0,1,1
12-5-2012,0,7,14,0,0,4,0,0,6,3,0,0,0,0,0,0,2,0
2-12-2015,0,4,73,4,8,37,2,5,15,19,0,0,0,0,1,0,9,5
16-8-2011,0,0,19,1,1,3,0,0,8,1,0,0,0,0,0,0,1,0
7-10-2014,0,0,7,0,1,1,0,0,2,0,0,0,0,0,0,0,0,2
22-6-2012,0,1,4,0,0,1,0,0,0,1,0,0,0,0,0,0,0,0
8-4-2013,0,0,4,0,0,0,0,0,0,0,0,0,0,0,0,0,0,0
30-5-2011,1,2,306,2,62,75,1,0,133,23,0,0,0,5,0,1,13,22
14-11-2013,0,2,6,0,0,0,0,0,3,1,0,0,0,0,0,0,2,0
30-5-2014,0,0,3,0,0,1,0,0,0,0,0,0,0,0,0,0,0,0
29-11-2012,0,2,1,0,0,1,0,0,2,0,0,0,0,1,0,0,0,0
30-3-2015,0,1,1,0,0,1,0,0,1,0,0,1,0,0,0,0,2,0
15-7-2015,0,0,0,0,0,0,0,0,0,1,0,0,0,0,0,0,0,0
30-9-2014,0,4,133,2,33,14,1,0,43,10,0,0,0,3,0,0,6,7
3-6-2014,0,0,1,0,0,0,0,0,1,0,0,0,0,0,0,0,0,0
22-2-2016,0,0,12,0,4,4,0,0,8,3,0,0,0,0,0,0,0,0
24-5-2014,0,1,10,0,0,3,0,0,3,1,0,0,0,0,0,0,1,1
16-7-2011,0,0,1,0,0,1,0,0,0,0,0,0,0,0,0,0,1,0
13-12-2014,0,0,20,0,1,5,0,0,6,2,0,0,0,0,0,0,4,0
9-9-2011,0,0,1,0,0,0,0,0,0,0,0,0,0,0,0,0,0,0
3-5-2012,0,0,2,0,0,0,0,0,0,0,0,0,0,0,0,0,0,0
20-4-2016,0,2,21,1,0,1,0,0,3,8,0,0,0,2,0,1,0,1
8-4-2016,0,3,119,3,19,20,0,0,28,9,0,0,0,6,0,0,6,3
19-9-2013,0,0,0,0,0,1,0,0,1,0,0,0,0,0,0,0,0,0
25-10-2015,0,1,3,0,0,0,0,0,3,0,0,0,0,0,0,1,1,0
10-8-2016,0,3,44,1,12,7,0,0,14,1,0,0,0,2,0,0,3,1
15-6-2016,0,2,24,0,0,7,0,0,18,2,0,0,0,0,0,0,1,1
16-10-2016,0,1,20,1,0,3,0,0,7,5,0,0,0,0,0,0,2,1
23-4-2015,0,1,2,0,0,0,0,0,0,0,0,0,0,1,0,0,0,0
2-8-2014,0,0,34,0,0,7,0,0,6,5,0,0,0,0,0,0,2,0
16-10-2013,0,0,1,0,0,0,0,0,0,0,0,0,0,0,0,0,0,0
28-2-2016,0,0,6,0,0,0,0,0,40,1,0,0,0,2,0,0,0,0
16-12-2012,0,0,6,0,1,1,0,0,1,0,0,0,0,0,0,0,0,0
6-10-2012,0,0,2,0,0,0,0,0,1,0,0,0,0,0,0,0,0,0
3-9-2015,0,0,2,0,0,2,0,0,5,2,0,0,0,0,0,0,0,1
13-12-2011,0,0,12,0,0,0,0,0,6,1,0,0,0,1,0,0,1,0
9-2-2014,0,1,2,1,0,2,0,0,3,1,0,0,0,1,0,0,1,1
9-5-2016,0,0,8,0,0,4,0,0,6,0,0,0,0,0,0,0,0,0
1-12-2014,0,0,13,0,3,1,0,0,6,3,0,0,0,0,0,1,2,2
1-3-2013,0,1,7,2,0,2,0,0,1,2,0,0,0,0,0,0,3,0
31-7-2015,0,0,3,0,0,0,0,0,0,0,0,0,0,0,0,0,0,0
14-9-2016,0,2,14,2,0,3,0,0,3,3,0,0,0,0,0,0,4,0
11-11-2016,0,1,63,4,5,20,1,0,17,4,0,0,0,1,0,0,4,2
16-12-2013,0,0,0,0,0,0,0,0,1,0,0,0,0,0,0,0,0,0
1-2-2012,0,0,2,0,0,0,0,0,1,0,0,0,0,0,0,0,0,1
15-12-2014,0,1,396,6,37,63,0,0,98,30,0,0,0,2,0,0,13,22
30-4-2016,0,1,3,0,0,0,0,0,4,0,0,0,0,0,0,0,1,0
25-8-2016,0,4,89,1,3,22,0,0,24,11,0,0,0,2,0,0,8,6
11-5-2015,0,0,11,0,0,2,0,0,2,2,0,0,0,0,0,0,1,2
14-2-2013,0,0,0,0,0,0,0,0,0,0,0,0,0,0,0,0,0,0
26-10-2013,0,0,2,0,0,0,0,0,0,0,0,0,0,0,0,0,0,0
6-11-2015,0,1,12,0,0,1,0,0,5,2,0,0,0,2,0,0,2,0
10-6-2012,0,0,0,0,0,0,0,0,0,0,0,0,0,0,0,0,0,0
1-11-2016,0,0,10,0,0,0,0,0,3,3,0,0,0,1,0,0,0,0
13-11-2016,0,3,2,0,0,1,0,0,1,0,0,0,0,1,0,0,0,0
17-9-2014,0,1,46,1,1,7,0,0,5,4,0,0,0,0,0,0,1,2
18-7-2013,0,1,60,0,6,24,1,0,27,10,0,0,0,3,0,0,6,3
27-6-2016,0,0,4,0,0,0,0,0,2,0,0,0,0,0,0,0,1,0
30-5-2016,0,2,9,0,0,0,0,0,0,1,0,0,0,0,1,0,1,0
23-5-2016,0,0,4,0,0,3,0,0,0,1,0,0,0,0,0,0,2,0
14-6-2014,0,0,2,0,0,0,0,0,2,0,0,0,0,0,0,0,0,0
12-6-2016,0,3,23,1,1,1,0,0,4,2,0,0,0,1,0,1,1,0
13-2-2014,0,0,2,0,0,0,0,0,1,0,0,0,0,0,0,0,0,0
1-7-2013,0,0,6,0,1,1,0,0,5,0,1,0,0,0,0,0,0,0
24-11-2015,0,0,2,1,0,0,0,0,0,0,0,0,0,0,0,0,1,0
10-8-2014,0,0,95,2,6,14,0,0,24,3,0,0,0,1,0,0,2,3
30-4-2014,0,0,1,0,0,0,0,0,0,0,0,0,0,0,0,0,0,0
2-7-2015,0,0,0,0,0,0,0,0,1,0,0,0,0,0,0,0,0,0
5-8-2016,0,0,4,0,0,2,0,0,6,0,0,0,0,0,0,0,0,0
19-8-2013,0,0,2,0,0,0,0,0,0,0,0,0,0,0,0,0,0,0
14-7-2011,0,0,0,0,0,0,0,0,0,1,0,0,0,0,0,0,0,0
14-4-2013,0,0,6,0,0,0,0,0,0,1,0,0,0,0,0,1,0,0
23-12-2015,0,0,1,0,0,0,0,0,0,0,0,0,0,0,0,0,0,0
4-12-2014,0,0,33,0,8,7,0,0,26,4,0,0,0,0,0,0,0,2
14-1-2016,0,0,17,0,0,0,0,0,4,0,0,0,0,0,1,0,0,0
17-7-2013,0,0,58,0,0,12,0,0,14,2,0,0,0,1,0,0,2,1
24-8-2014,0,3,80,0,3,5,0,0,17,4,0,0,0,0,0,0,3,1
23-8-2015,0,0,1,0,0,0,0,0,0,0,0,0,0,0,0,0,0,0
18-9-2011,0,1,12,0,0,1,0,0,12,0,0,0,0,0,0,0,1,0
11-7-2015,0,0,42,0,2,8,0,0,10,0,0,0,0,1,1,0,1,0
18-11-2014,0,0,10,0,0,0,0,0,1,0,0,0,0,0,0,0,0,0
5-3-2016,0,1,2,0,0,1,0,0,0,1,0,0,0,0,0,0,0,0
4-5-2014,0,5,13,3,0,3,0,0,1,2,0,0,0,0,0,0,1,0
4-8-2016,0,0,2,0,0,0,0,0,0,0,0,0,0,0,0,0,0,0
9-10-2016,0,3,3,0,0,3,1,0,14,0,0,0,0,0,0,0,0,0
6-8-2016,0,0,3,0,0,0,0,0,1,1,0,0,0,0,1,0,0,0
3-9-2013,0,0,8,0,0,1,0,1,1,0,0,0,0,0,0,0,5,0
23-11-2011,0,0,1,0,0,0,0,0,0,0,0,0,0,0,0,0,0,0
17-8-2016,0,1,33,0,1,6,0,0,6,4,0,0,0,0,0,0,2,4
21-3-2012,0,0,1,0,0,0,0,0,0,0,0,0,0,0,0,0,0,0
24-3-2016,0,0,3,0,0,0,0,0,17,0,0,0,0,0,0,0,0,0
9-6-2011,0,1,30,1,0,1,0,0,0,3,0,0,0,0,0,0,2,0
4-12-2015,0,1,15,0,0,1,0,0,0,0,0,0,0,0,0,0,1,0
9-3-2015,0,0,40,0,1,10,0,0,12,2,0,0,0,0,0,2,2,6
11-7-2014,0,0,33,2,1,5,0,0,8,0,0,0,0,0,0,0,1,3
20-8-2013,0,0,2,0,0,0,0,0,0,0,0,0,0,0,0,0,0,0
18-2-2012,0,0,1,0,0,0,0,0,0,0,0,0,0,0,0,1,1,0
22-4-2013,0,0,2,0,0,0,0,0,1,0,0,0,0,0,1,0,0,0
14-10-2013,0,14,87,1,0,19,0,0,10,13,0,0,0,1,4,0,6,0
24-8-2016,0,4,34,3,0,16,0,0,27,2,0,0,0,1,0,1,2,0
10-3-2015,0,0,15,1,0,3,0,0,8,0,0,0,0,1,0,0,0,2
16-2-2014,0,0,2,0,0,1,0,0,1,0,0,0,0,0,0,0,0,0
31-1-2012,0,1,3,0,0,0,0,0,0,0,0,0,0,0,1,0,0,0
3-11-2014,0,0,10,0,0,0,0,0,4,1,0,0,0,0,0,0,0,0
17-6-2015,0,0,3,0,0,0,0,0,0,0,0,0,0,0,0,0,0,0
21-9-2013,0,0,2,0,0,1,0,0,2,1,0,0,0,0,0,0,2,0
10-1-2015,0,1,6,0,0,0,0,0,7,0,0,0,0,0,0,0,1,0
21-9-2015,0,0,20,0,0,1,0,0,2,1,0,0,0,0,1,0,0,1
25-6-2013,0,2,17,0,0,1,0,0,3,4,2,0,0,3,3,0,2,0
10-2-2014,0,0,0,0,0,0,0,0,0,0,0,0,0,0,0,0,0,0
24-2-2014,0,1,61,1,5,4,0,5,26,3,0,0,0,0,0,0,1,0
27-10-2011,0,0,0,0,0,0,0,0,1,0,0,0,0,0,0,0,0,0
12-9-2015,0,1,10,0,0,2,0,0,3,2,0,0,0,1,0,0,0,0
30-9-2016,0,1,15,0,0,2,0,0,3,5,0,0,0,0,0,0,1,1
29-9-2013,0,0,8,0,0,1,0,0,2,1,0,0,0,0,0,0,1,0
3-4-2016,0,0,4,0,0,0,0,0,1,2,0,0,0,1,0,0,0,0
14-12-2014,0,0,86,0,6,9,0,0,15,8,0,0,0,0,0,0,2,4
28-7-2015,0,0,3,0,0,2,0,0,0,0,0,0,0,0,0,0,0,0
12-2-2015,0,1,2,0,0,1,0,0,4,0,0,0,0,0,0,0,0,0
28-1-2013,0,1,4,0,0,1,0,0,0,0,0,0,0,0,0,0,1,0
29-1-2014,0,0,1,1,0,0,0,0,0,0,0,0,0,0,0,0,0,0
25-10-2014,0,1,202,2,32,36,0,0,67,10,0,0,0,2,0,0,5,16
6-4-2012,0,0,4,0,0,1,0,0,1,0,0,0,0,0,0,0,0,0
4-10-2012,0,0,5,0,0,0,0,0,1,0,0,0,0,0,0,1,0,0
13-8-2014,0,0,21,0,7,5,0,0,10,1,0,0,0,0,0,0,1,0
20-5-2014,0,1,2,0,0,0,0,0,0,0,0,0,0,0,0,0,0,0
1-6-2013,0,0,1,0,0,0,0,0,1,0,0,0,0,0,0,0,0,0
12-12-2015,0,0,0,0,0,0,0,0,0,0,0,0,0,0,1,0,0,0
25-8-2013,0,1,14,0,0,1,0,0,1,0,0,0,0,0,0,1,0,0
13-10-2016,0,1,12,0,0,5,0,0,0,3,0,0,0,0,0,0,4,0
25-12-2015,0,0,14,1,0,1,0,0,10,1,0,0,0,1,0,0,0,2
29-9-2015,0,2,49,0,3,10,0,0,12,3,0,0,0,0,0,0,3,1
10-11-2013,0,0,3,0,0,0,0,0,0,1,0,0,0,0,0,0,0,0
6-9-2014,0,0,48,0,18,10,0,0,8,1,0,0,0,2,0,0,1,1
5-7-2011,0,0,0,0,0,1,0,0,0,3,0,0,0,0,0,0,3,0
26-5-2013,0,2,17,2,0,3,0,0,4,2,0,0,0,0,0,0,2,0
11-11-2013,0,1,4,0,0,2,0,0,0,0,0,0,0,1,0,0,0,0
27-12-2013,0,0,1,0,0,0,0,0,1,0,0,0,0,0,0,0,0,0
29-11-2011,0,0,1,0,0,0,0,0,1,0,0,0,0,0,0,0,0,0
3-7-2012,0,0,0,0,0,0,0,0,2,0,0,0,0,0,0,0,0,0
13-7-2011,0,0,0,0,0,0,0,0,1,0,0,0,0,0,0,0,0,1
25-3-2012,0,2,3,0,0,3,0,0,3,2,0,0,0,1,0,0,0,0
18-5-2014,0,1,4,1,0,0,0,0,0,0,0,0,0,0,0,0,1,0
3-11-2013,0,0,1,0,0,0,0,0,0,0,0,0,0,0,0,0,0,0
27-3-2014,0,0,0,0,0,0,0,0,0,0,0,0,0,0,0,0,0,0
25-5-2014,0,0,12,0,0,0,0,0,1,3,0,0,0,0,0,0,0,0
16-4-2016,0,1,3,0,0,1,0,0,1,2,0,0,0,0,0,0,0,0
8-9-2013,0,0,28,0,24,8,1,0,35,4,0,0,0,0,0,0,3,1
12-9-2014,0,0,22,3,14,3,0,0,9,1,0,0,0,1,0,0,1,0
9-5-2014,0,1,3,0,0,0,0,0,0,0,0,0,0,0,0,0,1,0
14-4-2016,0,0,1,0,0,0,0,0,0,0,0,0,0,0,0,0,0,0
7-11-2012,0,0,1,0,0,0,0,0,0,0,0,0,0,0,0,0,0,0
10-6-2013,0,0,37,1,1,7,0,0,6,1,0,0,0,0,0,0,1,1
5-4-2016,0,0,60,0,6,10,0,0,15,8,0,0,0,2,0,1,5,3
28-7-2014,0,0,25,0,5,3,0,0,8,1,0,0,0,1,0,0,1,1
21-2-2016,0,0,2,0,0,1,0,0,0,0,0,0,0,0,0,0,0,0
2-10-2011,0,1,33,0,0,9,0,0,2,5,0,0,0,0,0,0,1,0
26-1-2013,0,0,1,0,0,0,0,0,0,0,0,0,0,0,0,0,0,0
29-11-2016,0,0,10,2,0,4,0,0,11,1,0,0,0,0,0,0,1,0
12-10-2016,0,1,26,0,0,3,2,0,7,1,1,0,0,0,0,0,2,0
16-3-2016,0,1,11,0,0,0,0,0,2,1,0,0,0,1,0,0,1,0
10-12-2014,0,0,3,0,0,2,0,0,2,0,0,0,0,0,0,1,0,1
15-12-2013,0,0,2,0,0,0,0,0,0,0,0,0,0,0,0,0,1,0
20-6-2013,0,1,9,1,0,2,0,0,8,0,0,0,0,0,0,0,0,0
29-9-2014,0,0,28,1,1,3,0,0,5,0,0,0,0,0,0,0,2,1
17-7-2015,0,0,4,0,0,1,0,0,0,0,0,0,0,0,0,0,0,0
13-6-2012,0,2,2,0,0,1,0,0,0,0,0,0,0,0,0,0,0,0
30-10-2015,0,2,6,0,0,1,0,0,2,3,0,0,0,0,1,0,1,0
19-12-2014,0,2,34,1,2,9,0,0,6,2,0,0,0,1,0,0,3,3
19-1-2016,0,0,7,0,0,0,0,0,2,0,0,0,0,0,1,0,0,0
3-11-2016,0,4,18,0,0,4,0,0,8,1,0,0,0,0,3,0,0,0
31-8-2014,0,1,180,3,35,37,0,0,50,15,0,0,0,0,2,0,6,12
27-10-2013,0,0,1,1,0,0,0,0,0,0,0,0,0,0,0,0,0,0
6-5-2016,0,0,2,0,0,0,0,0,0,0,0,0,0,0,0,0,0,0
4-3-2016,0,3,16,0,0,3,0,0,9,4,0,0,0,0,1,0,1,0
10-4-2016,0,0,12,0,0,2,0,0,2,1,0,0,0,0,0,0,0,0
20-5-2016,0,1,0,0,0,0,0,0,0,0,0,0,0,1,0,0,0,0
20-1-2014,0,1,2,0,0,2,0,0,0,0,0,0,0,0,0,0,0,0
17-1-2013,0,3,1,0,0,0,0,0,0,0,0,0,0,1,0,0,0,0
27-4-2016,0,0,1,0,0,0,0,0,0,0,0,0,0,0,0,0,0,0
25-5-2011,0,0,3,0,4,0,0,0,1,0,0,0,0,1,0,0,0,0
29-5-2012,0,1,4,0,0,0,0,0,1,1,0,0,0,0,0,0,1,0
28-6-2016,0,0,38,4,0,25,0,0,119,3,0,0,0,0,0,0,0,1
28-8-2012,0,0,1,0,0,0,0,0,0,0,0,0,0,0,0,0,0,0
9-8-2012,0,0,2,0,0,0,0,0,0,2,0,0,0,1,0,0,0,0
11-12-2013,0,1,0,1,0,0,0,0,0,0,0,0,0,0,0,0,0,0
4-1-2014,0,0,2,0,0,0,0,0,0,0,0,0,0,0,0,0,0,0
17-8-2015,0,0,5,0,0,0,0,0,4,0,0,0,0,0,0,0,1,0
1-12-2016,0,0,2,0,0,0,0,0,2,0,0,0,0,0,0,0,0,0
16-11-2013,0,0,1,0,0,0,0,0,0,0,0,0,0,0,0,0,0,0
30-8-2016,0,0,6,0,0,1,0,0,6,2,0,0,0,0,0,0,1,0
16-1-2016,0,0,1,0,0,1,0,0,0,1,0,0,0,0,0,0,1,0
24-7-2016,0,1,25,3,0,9,0,1,39,5,0,0,0,1,0,0,2,0
3-6-2016,0,0,1,0,0,0,0,0,1,0,0,0,0,0,0,0,0,0
25-7-2012,0,0,1,0,0,0,0,0,1,0,0,0,0,0,0,0,0,0
31-12-2013,0,1,12,0,0,0,0,0,1,0,1,0,0,0,0,0,1,0
18-2-2016,0,0,10,2,0,2,0,0,3,3,0,0,0,1,1,0,4,0
9-8-2016,0,0,1,0,0,0,0,0,0,0,0,0,0,0,0,0,0,0
8-7-2014,0,4,2,0,0,1,0,0,0,1,0,0,0,1,0,0,0,0
3-7-2013,0,0,1,0,0,0,0,0,0,0,0,0,0,0,0,0,0,0
30-7-2016,0,2,15,0,0,2,0,0,5,1,0,0,0,0,1,0,2,0
8-1-2016,0,0,1,0,0,1,0,0,0,1,0,0,0,0,0,0,0,0
23-9-2012,0,0,1,0,0,0,0,0,0,0,0,0,0,0,1,0,0,0
18-11-2016,0,1,5,0,0,2,0,0,4,2,0,0,0,0,2,0,0,1
6-4-2014,0,0,2,0,0,1,0,0,0,0,0,0,0,1,0,0,0,0
18-8-2014,0,1,7,0,2,1,0,0,5,1,0,0,0,0,0,0,0,1
17-12-2011,0,0,1,0,0,0,0,0,0,0,0,0,0,0,0,0,0,0
12-11-2015,0,0,20,1,0,4,0,0,8,3,1,0,0,0,1,0,0,0
22-3-2014,0,0,4,1,0,2,0,0,4,0,0,0,0,0,0,0,1,0
4-10-2013,0,0,2,0,0,0,0,0,1,0,0,0,0,0,0,0,0,0
2-11-2011,0,0,1,0,0,0,0,0,0,0,0,0,0,0,0,0,0,0
8-1-2012,0,0,11,0,0,0,0,0,0,0,0,0,0,0,0,0,0,0
28-10-2013,0,0,2,0,0,0,0,0,0,0,0,0,0,0,0,0,0,0
3-1-2013,0,0,11,0,0,0,0,0,0,1,0,1,0,0,0,0,0,0
11-10-2013,0,0,1,0,0,0,0,0,0,0,0,0,0,0,0,0,0,0
24-5-2016,0,1,5,0,0,0,0,0,9,0,0,0,0,1,0,0,1,0
8-5-2014,0,1,2,0,0,3,0,0,10,3,0,0,0,1,0,0,1,0
3-9-2014,0,3,98,2,1,16,0,0,15,7,0,0,0,0,1,0,9,6
29-4-2012,1,4,89,1,4,8,0,0,20,8,0,0,0,1,0,1,5,2
10-11-2014,0,0,3,0,0,0,0,0,0,0,0,0,0,0,0,0,0,0
6-9-2016,0,1,162,1,22,35,0,0,49,20,0,0,0,4,1,0,12,9
26-4-2016,0,1,71,0,10,12,0,0,20,5,0,0,0,1,0,0,2,5
28-3-2013,0,0,0,0,0,0,0,0,1,0,0,0,0,0,0,0,0,0
29-10-2014,0,3,68,2,6,17,0,0,21,10,0,0,0,0,0,0,5,9
20-4-2014,0,0,1,0,0,0,0,0,2,2,0,0,0,0,0,0,1,0
17-6-2013,0,1,19,0,0,3,0,0,4,1,0,0,0,1,0,0,0,0
12-2-2014,0,0,1,0,0,0,0,0,0,0,0,0,0,0,0,0,0,0
7-9-2014,0,1,67,1,8,14,0,0,16,9,0,0,0,2,0,0,3,2
1-10-2014,0,0,169,2,23,20,0,0,25,13,0,0,0,4,0,0,7,3
27-11-2016,0,2,14,2,0,4,0,0,9,1,0,0,0,0,0,0,1,0
3-12-2015,0,2,21,0,0,4,0,0,3,2,0,0,0,0,0,1,0,0
21-6-2015,1,0,4,0,0,0,0,0,1,0,0,0,0,0,1,0,0,0
6-12-2016,0,0,3,0,0,0,0,0,2,0,0,0,0,0,0,0,0,0
21-5-2016,0,0,1,0,0,1,0,0,4,0,0,0,0,0,0,0,0,0
11-12-2015,0,0,10,1,0,1,0,0,1,0,0,0,0,0,1,0,0,0
8-11-2016,0,0,6,1,0,1,0,0,5,3,0,0,0,0,0,0,0,0
11-11-2015,0,1,2,0,0,1,0,0,0,1,0,0,0,1,0,0,0,0
1-1-2012,0,0,2,0,0,0,0,0,1,0,0,0,0,0,0,0,0,0
1-9-2016,0,2,53,0,8,11,0,0,13,10,0,0,0,1,0,0,3,3
20-10-2015,0,2,11,0,0,1,0,0,1,1,0,0,0,0,0,1,1,0
20-5-2012,0,0,0,0,0,0,0,0,0,0,0,0,0,0,0,0,0,0
16-7-2015,0,0,0,0,0,0,0,0,0,0,0,0,0,0,0,0,0,0
13-4-2014,0,0,3,0,0,0,0,0,0,0,0,0,0,0,0,0,0,0
30-8-2014,0,0,17,0,1,3,0,0,6,4,0,0,0,1,0,0,2,0
5-8-2013,0,0,1,0,0,0,0,0,0,0,0,0,0,0,0,0,0,0
29-3-2015,0,0,3,0,0,0,0,0,1,0,0,0,0,0,0,0,0,0
26-9-2012,0,0,1,0,0,0,0,0,0,0,0,0,0,0,0,0,0,0
23-9-2013,0,0,0,0,0,0,0,0,2,1,0,0,0,0,0,0,0,0
13-10-2014,0,0,50,1,5,7,0,0,15,3,0,0,0,0,0,0,2,7
7-11-2011,0,0,12,0,0,3,0,0,0,2,0,0,0,0,1,0,0,0
28-9-2013,0,0,0,0,0,0,0,0,1,0,0,0,0,0,0,0,0,0
23-10-2015,0,1,3,0,0,1,0,0,2,2,0,0,0,0,0,0,0,0
18-11-2015,0,0,0,0,0,0,0,0,7,0,0,0,0,0,0,0,0,0
1-8-2014,0,2,119,1,7,11,0,0,32,18,0,0,0,1,0,0,4,6
16-2-2016,0,1,3,0,0,0,0,0,3,0,0,0,0,0,0,0,1,0
21-9-2012,0,0,1,0,0,0,0,0,0,0,0,0,0,0,0,0,0,0
1-5-2014,0,4,1,0,0,1,0,0,0,0,0,0,0,0,0,0,0,0
11-10-2016,0,3,27,0,0,4,0,0,7,2,0,0,0,3,0,1,5,0
4-11-2012,0,0,2,0,0,2,0,0,2,0,0,0,0,0,0,0,0,0
8-10-2014,0,0,30,0,1,6,0,0,8,1,0,0,0,0,0,0,0,1
28-8-2011,0,1,69,3,1,8,0,0,7,9,0,0,0,0,0,0,2,5
18-11-2012,0,0,5,0,0,2,0,0,2,1,0,0,0,3,0,0,0,0
16-8-2014,0,0,20,0,0,6,0,0,10,1,0,0,0,0,0,0,1,1
9-12-2016,0,0,7,0,0,0,0,0,3,1,0,0,0,0,0,0,1,0
5-6-2011,0,4,21,0,0,4,0,0,5,2,0,0,0,0,1,2,6,0
26-9-2015,0,0,5,0,0,0,0,0,1,3,0,0,0,0,0,0,0,0
4-10-2015,0,0,4,1,0,1,0,0,0,1,0,0,0,0,0,0,0,0
12-7-2013,0,0,24,0,4,2,0,0,8,0,0,0,0,1,0,0,0,1
9-9-2014,0,0,31,1,4,4,0,0,7,2,0,0,0,0,0,0,2,2
30-6-2013,0,0,1,0,0,0,0,0,1,0,0,0,0,0,0,0,0,0
14-2-2014,0,0,9,1,0,5,0,0,0,3,0,0,0,0,0,0,0,0
12-12-2014,0,2,138,4,2,31,0,0,28,17,0,0,0,0,1,0,7,4
9-12-2014,0,0,1,0,0,0,0,0,1,0,0,0,0,0,0,0,0,0
9-12-2015,0,0,66,3,12,14,0,0,6,7,0,0,0,0,0,0,1,1
11-6-2016,0,0,10,0,0,1,0,0,1,0,0,0,0,0,0,0,0,0
1-6-2015,0,0,3,0,0,0,0,0,1,1,0,0,0,0,0,0,1,0
29-1-2016,0,0,3,0,0,0,0,0,1,0,0,0,0,1,0,1,0,0
9-8-2011,0,1,18,0,0,0,0,0,4,3,0,0,0,0,0,0,0,1
27-5-2013,0,0,0,2,0,0,0,0,2,0,0,0,0,0,0,0,0,0
22-1-2013,0,0,0,0,0,0,0,1,11,2,0,0,0,0,0,1,1,0
21-2-2014,0,0,1,0,0,0,0,0,0,0,0,0,0,0,0,0,0,0
22-9-2012,0,2,6,0,0,1,0,0,2,1,0,0,0,1,0,0,2,0
13-6-2016,0,0,4,1,0,5,0,0,17,1,0,0,0,1,1,1,0,0
6-9-2013,0,0,1,0,0,0,0,0,0,0,0,0,0,0,0,0,0,0
29-10-2011,0,3,47,1,9,11,0,1,16,7,0,0,0,0,0,0,3,1
4-2-2012,0,0,14,2,0,2,0,0,1,0,2,0,0,0,0,0,0,0
3-6-2013,0,1,3,2,0,0,0,0,2,0,0,0,0,0,0,0,1,0
29-8-2014,0,3,80,1,13,17,0,0,14,6,0,0,0,0,0,0,3,5
14-6-2016,0,2,15,1,0,7,0,0,25,1,0,0,0,1,0,0,1,0
30-8-2013,0,3,15,0,0,1,0,0,5,1,0,0,0,0,2,1,1,0
4-7-2014,0,1,22,0,2,10,0,0,5,2,0,0,0,1,0,0,3,0
5-6-2015,0,0,0,0,0,1,0,0,0,0,0,0,0,0,0,0,0,0
16-9-2012,0,1,23,0,3,0,0,0,2,0,0,0,0,0,0,0,0,1
6-11-2011,0,2,20,1,0,2,0,0,2,1,0,0,0,0,0,0,2,0
8-4-2012,0,1,2,0,0,3,0,0,2,2,0,0,0,0,0,0,0,0
28-12-2011,0,2,8,1,0,2,0,0,5,1,0,0,0,0,0,0,0,0
9-11-2013,0,3,7,0,0,0,0,0,0,0,0,0,0,0,0,0,0,0
15-8-2016,0,1,33,2,0,6,0,0,64,2,0,0,0,0,1,0,1,1
16-5-2012,0,0,25,1,0,6,0,1,3,1,0,0,0,0,0,0,0,1
18-7-2016,0,1,10,0,0,2,0,0,6,1,0,0,0,1,1,0,2,0
23-11-2016,0,0,3,0,0,0,0,0,4,0,0,0,0,0,0,0,0,0
19-11-2011,0,3,8,0,0,2,0,0,10,1,0,0,0,0,1,1,1,1
13-7-2016,0,2,19,1,0,8,0,0,12,0,0,0,0,0,0,0,0,1
16-5-2016,0,4,18,1,0,2,0,0,0,1,0,0,0,0,0,0,0,0
10-12-2016,0,1,6,0,0,0,0,0,1,0,0,0,0,0,0,0,1,0
5-10-2011,0,2,4,0,0,0,0,0,1,0,0,0,0,0,0,0,0,0
26-8-2014,0,0,32,1,5,6,0,0,6,7,0,0,0,0,0,0,3,2
15-10-2015,0,0,1,0,0,1,0,0,1,0,0,0,0,0,0,0,0,0
28-11-2016,0,0,1,0,0,0,0,0,1,0,0,0,0,0,0,0,0,0
28-12-2015,0,1,2,1,0,1,0,0,2,0,0,0,0,0,0,1,0,0
17-3-2015,0,0,67,1,22,21,0,0,8,12,0,0,0,1,0,0,9,1
18-1-2015,0,0,0,0,0,0,0,0,0,0,0,0,0,0,0,0,0,0
30-9-2015,0,0,50,1,6,6,1,0,13,2,0,0,0,2,0,0,3,1
29-4-2016,0,1,26,1,0,2,0,0,3,0,0,0,0,0,0,0,3,1
22-11-2016,0,0,1,0,0,1,0,0,0,1,0,0,0,0,0,0,0,0
4-12-2012,0,1,2,0,0,1,0,0,0,0,0,0,0,0,0,0,0,0
10-1-2012,0,0,0,0,0,0,0,0,0,0,0,0,0,0,0,0,1,0
16-9-2013,0,0,0,0,0,0,0,0,0,1,0,0,0,0,0,0,0,0
3-11-2015,0,2,30,1,3,5,0,0,11,2,0,0,0,0,0,1,0,2
28-6-2013,0,0,1,0,0,0,0,0,0,0,0,0,0,0,0,0,0,0
17-8-2014,0,0,79,0,8,11,0,0,18,2,0,0,0,0,0,0,3,2
15-4-2016,0,1,77,0,20,15,1,0,7,9,0,0,0,0,0,0,6,3
11-12-2014,0,4,47,0,7,8,0,0,18,13,0,0,0,0,0,1,6,2
28-7-2013,0,1,47,0,0,12,0,0,5,1,0,0,0,1,0,0,2,0
23-4-2016,0,0,13,0,0,0,0,0,2,4,0,0,0,0,1,0,0,0
26-4-2015,0,0,9,1,4,2,0,0,8,2,0,0,0,0,0,0,1,0
21-4-2014,0,0,2,0,0,0,0,0,0,0,0,0,0,0,0,0,0,0
13-1-2014,0,0,4,0,0,0,0,0,0,0,0,0,0,0,0,0,0,1
24-9-2011,1,2,49,2,5,6,1,0,8,10,1,0,0,2,0,0,3,1
6-3-2013,0,1,12,0,0,4,0,0,2,2,0,0,0,2,0,0,2,0
13-2-2012,0,1,5,0,0,0,0,0,6,0,0,0,0,0,0,0,1,0
17-5-2013,0,0,2,0,0,1,0,1,0,0,0,0,0,0,0,0,0,0
15-8-2012,0,0,2,0,0,1,0,0,0,0,0,0,0,0,0,0,0,0
10-11-2015,0,1,21,0,0,1,0,0,9,3,0,0,0,0,1,0,1,0
30-3-2016,0,0,6,0,0,2,0,0,0,0,0,0,0,0,0,0,0,0
17-8-2013,0,2,17,1,3,3,0,0,8,2,0,0,0,1,0,0,0,3
11-8-2013,0,0,8,0,0,1,0,0,3,1,0,0,0,0,0,0,0,0
16-11-2015,0,1,5,0,0,1,0,0,1,1,0,0,0,0,0,0,0,0
25-9-2011,0,0,2,0,0,0,0,0,1,0,0,0,0,0,0,0,0,0
18-9-2016,0,3,55,0,0,4,0,0,8,1,0,0,0,3,0,2,3,0
12-9-2016,0,3,102,0,8,13,0,0,27,7,0,0,0,1,1,1,8,2
4-7-2012,0,6,25,0,0,3,0,0,10,1,0,0,0,1,0,0,0,0
20-9-2014,0,0,36,0,0,5,0,0,3,1,0,0,0,1,0,0,2,0
30-4-2012,0,1,25,0,2,3,0,0,2,3,0,0,0,1,0,0,1,2
27-12-2015,0,0,1,0,0,0,0,0,8,1,0,0,0,3,0,0,0,0
4-4-2015,0,0,6,0,0,0,0,0,0,0,0,0,0,0,0,0,0,0
15-9-2015,0,0,0,0,0,0,0,0,0,1,0,0,0,0,0,0,0,0
2-11-2013,0,0,1,0,0,0,0,0,1,0,0,0,0,0,0,0,0,0
4-1-2015,0,0,0,0,0,0,0,0,1,0,0,0,0,0,0,1,0,1
4-12-2016,0,0,8,0,2,0,0,0,2,3,0,0,0,0,1,0,0,0
22-8-2011,0,1,10,0,0,1,0,0,6,1,0,0,0,0,0,0,0,0
18-12-2014,0,6,285,4,16,33,0,0,34,21,0,0,0,2,1,0,12,14
19-2-2016,0,1,27,0,0,4,0,0,4,3,0,0,0,0,0,0,1,0
8-3-2015,0,0,14,0,2,2,0,0,4,0,0,0,0,0,0,0,1,2
6-7-2013,0,0,1,0,0,0,0,0,0,0,0,0,0,0,0,0,0,0
17-10-2016,0,2,55,0,5,16,0,0,20,5,0,0,0,1,0,0,7,2
23-1-2012,0,0,15,0,0,1,0,0,2,1,0,0,0,0,0,0,0,0
18-10-2013,0,1,11,0,0,2,0,0,2,0,0,0,0,1,0,1,0,0
14-10-2014,0,0,2,0,0,1,0,0,0,0,0,0,0,0,0,0,0,0
4-9-2013,0,2,0,0,0,0,0,0,2,0,0,0,0,0,0,0,1,0
5-12-2016,1,3,32,0,0,11,0,0,14,7,0,0,0,2,1,0,2,0
13-5-2014,0,0,3,1,0,0,0,0,0,1,0,0,0,0,0,0,0,0
14-8-2016,0,0,6,0,0,0,0,0,0,0,0,0,0,0,0,0,0,0
20-3-2016,0,0,0,0,0,0,0,0,5,0,0,0,0,0,0,0,0,0
20-4-2015,0,1,1,0,0,0,0,0,3,0,0,0,0,0,0,0,0,0
9-11-2015,0,2,16,0,0,3,0,0,3,2,0,0,0,0,0,0,2,0
17-4-2013,0,0,2,0,0,0,0,0,1,0,0,0,0,0,0,0,0,0
20-8-2015,0,0,1,0,0,1,0,0,2,0,0,0,0,0,0,0,0,0
2-10-2014,1,1,65,1,17,18,0,0,17,5,0,0,0,2,0,0,3,8
21-2-2012,0,0,0,0,0,0,0,0,1,0,0,0,0,0,0,0,0,0
7-7-2016,0,0,9,4,1,12,0,0,99,0,0,0,0,1,0,0,1,1
10-5-2012,0,0,0,0,0,1,0,0,0,0,0,0,0,0,0,0,1,0
23-11-2013,0,0,1,0,0,2,0,0,1,1,0,0,0,0,0,0,0,0
5-6-2016,0,6,108,1,0,9,0,1,7,3,0,0,0,1,2,1,7,2
15-6-2013,0,2,2,1,0,0,0,0,1,1,0,0,0,0,0,0,1,0
20-10-2013,0,0,1,0,0,1,0,0,0,1,0,0,0,0,0,0,1,0
14-9-2013,0,0,3,0,0,0,0,0,0,1,3,0,0,0,0,0,0,0
14-2-2016,0,0,3,0,0,0,0,0,6,0,0,0,0,0,0,0,0,0
13-6-2014,0,0,3,0,0,0,0,0,0,0,0,0,0,0,0,0,1,0
14-9-2012,0,2,4,0,0,2,0,0,2,2,0,0,0,0,0,0,0,0
20-7-2015,0,1,2,0,0,1,0,0,1,2,0,0,0,0,1,0,0,0
28-3-2016,0,0,6,0,0,0,0,0,3,0,0,0,0,0,0,0,1,0
15-1-2016,0,0,8,0,0,0,0,0,0,4,0,0,0,0,0,0,0,0
5-3-2015,0,4,59,0,2,7,0,0,21,4,0,0,0,2,1,0,1,0
20-8-2012,0,0,1,0,0,0,0,0,0,0,0,0,0,0,0,0,0,0
9-4-2012,0,0,2,0,0,1,0,0,0,1,0,0,0,0,0,0,1,0
10-2-2015,0,1,7,0,0,1,0,0,1,2,0,0,0,0,1,0,1,0
7-6-2016,0,1,5,0,0,0,0,0,0,0,0,0,0,1,0,0,0,0
29-7-2014,0,0,4,0,0,0,0,0,0,1,0,0,0,0,0,0,1,0
24-10-2012,0,0,2,0,0,0,0,0,1,0,0,0,0,0,0,0,0,0
10-8-2011,0,5,22,1,0,6,0,0,3,0,0,0,0,0,0,0,0,0
19-1-2012,0,0,12,0,0,6,0,0,1,1,0,0,0,0,0,0,3,0
26-10-2011,0,4,20,2,0,2,0,1,5,3,0,0,0,0,0,1,3,0
4-7-2016,0,1,5,0,0,0,0,0,8,0,0,0,0,2,0,0,0,0
17-10-2014,0,2,72,1,10,16,0,0,25,8,0,0,0,1,0,0,1,8
24-1-2014,0,0,1,0,0,0,0,0,0,1,0,0,0,0,0,0,0,0
21-12-2012,0,0,3,0,0,0,0,0,0,0,0,0,0,0,0,0,0,0
23-3-2014,0,0,0,0,0,0,0,0,3,0,0,0,0,0,0,0,0,0
9-1-2013,0,0,4,0,0,0,0,0,0,0,0,0,0,0,0,0,0,0
16-6-2016,0,1,7,0,0,1,0,0,4,2,0,0,0,0,0,1,1,0
18-5-2013,0,0,1,0,0,0,0,0,0,0,0,0,0,0,0,0,0,0
4-4-2016,0,1,7,0,0,0,0,0,1,1,0,0,0,0,0,0,0,0
23-6-2012,0,0,2,0,0,0,0,0,0,0,0,0,0,0,0,0,0,0
9-9-2015,0,0,18,0,1,0,0,0,3,0,0,0,0,0,0,0,0,0
22-10-2015,0,1,16,0,0,3,0,0,3,1,0,0,0,0,0,0,1,1
26-7-2014,0,1,62,1,7,11,1,0,14,1,0,0,0,0,0,0,1,5
21-12-2015,0,0,1,0,0,0,0,0,1,1,0,0,0,0,0,0,1,0
5-6-2014,0,0,3,0,0,0,0,0,1,0,0,0,0,0,0,0,0,0
21-6-2016,0,0,1,0,0,0,0,0,0,0,0,0,0,0,0,0,0,0
10-2-2016,0,0,12,0,0,3,0,0,4,0,0,0,0,0,0,0,0,0
24-2-2013,0,0,1,0,0,0,0,0,0,1,0,0,0,0,0,0,0,0
13-10-2012,0,1,1,0,0,0,0,0,0,0,0,0,0,0,0,0,1,0
29-1-2015,0,0,2,0,0,1,0,0,0,0,0,0,0,0,0,0,0,0
30-11-2011,0,0,4,0,0,1,0,0,2,0,0,0,0,0,0,0,0,1
3-12-2016,0,1,7,0,0,1,0,0,2,0,0,0,0,0,0,0,0,0
3-2-2016,0,2,12,0,0,0,0,0,4,2,0,0,0,1,0,0,0,0
5-9-2016,0,5,77,1,6,18,0,0,27,10,0,0,0,1,0,0,7,3
18-9-2015,0,2,20,1,7,8,0,0,8,3,0,0,0,1,0,0,4,0
3-6-2011,0,0,4,0,0,0,0,0,4,1,0,0,0,0,0,0,1,0
19-4-2016,0,1,10,0,0,1,0,0,2,2,0,0,0,0,1,0,3,0
24-2-2015,0,0,7,0,0,2,0,0,4,2,0,0,0,0,0,0,1,0
29-6-2014,0,2,17,0,0,1,0,0,2,0,0,0,0,1,0,0,1,0
8-12-2016,0,1,11,0,0,2,0,0,2,0,0,0,0,0,0,0,1,1
23-7-2015,0,0,0,0,0,0,0,0,0,0,0,0,0,0,0,0,0,0
6-4-2016,0,2,15,0,0,2,0,0,7,2,0,0,0,1,0,0,0,0
30-9-2012,0,1,3,0,0,0,0,0,0,0,0,0,0,0,0,0,0,0
20-2-2016,0,0,7,1,0,0,0,0,4,2,0,0,0,0,0,0,1,0
29-5-2015,0,0,3,0,0,0,0,0,5,0,0,0,0,1,0,0,0,0
12-2-2012,0,1,0,1,0,2,0,0,2,0,0,0,0,0,0,0,0,0
11-7-2013,0,2,40,0,2,7,0,3,18,4,0,0,0,2,0,0,0,2
10-11-2016,0,0,12,0,0,0,0,0,1,2,0,0,0,0,0,0,0,0
4-8-2015,0,0,8,1,0,1,0,0,5,0,0,0,0,1,0,0,0,0
5-9-2013,0,0,1,0,0,0,0,0,0,0,0,0,0,0,0,0,0,0
13-4-2016,0,0,1,0,0,0,0,0,1,0,0,0,0,1,0,0,0,0
1-9-2015,0,0,0,0,0,0,0,0,0,0,0,0,0,0,0,0,0,0
4-12-2013,0,0,19,0,1,3,0,0,0,3,0,0,0,0,0,0,1,0
12-3-2016,0,0,2,0,0,1,0,0,0,1,0,0,0,0,0,0,1,0
29-10-2016,0,0,11,1,0,2,0,0,1,1,0,0,0,0,0,0,1,0
29-6-2016,0,2,38,0,11,16,0,0,25,3,0,0,0,2,1,0,6,2
29-8-2015,0,1,5,0,0,1,0,0,0,1,0,0,0,0,0,0,0,0
3-7-2014,0,0,23,0,6,10,0,0,11,3,0,0,0,1,0,0,0,3
11-12-2011,0,1,14,2,0,3,0,1,5,3,0,0,0,0,1,1,4,0
23-12-2014,0,0,0,0,0,0,0,0,2,0,0,0,0,0,0,0,0,0
16-9-2011,0,0,2,0,0,0,0,0,0,0,0,0,0,0,0,0,0,0
13-5-2016,0,0,1,0,0,0,0,0,0,0,0,0,0,0,0,0,0,0
8-2-2014,0,0,1,0,0,0,0,0,1,0,0,0,0,0,0,0,0,0
16-7-2012,0,2,3,0,0,0,0,0,0,0,0,0,0,0,0,0,0,0
17-1-2016,0,0,1,0,0,0,0,0,0,0,0,0,0,0,0,0,0,0
4-7-2011,0,0,3,0,0,0,0,0,0,0,0,0,0,0,0,0,0,0
7-2-2016,0,0,3,0,0,1,0,0,13,1,0,0,0,0,0,0,1,0
10-2-2012,0,0,1,0,0,0,0,0,0,0,0,0,0,0,0,0,0,0
15-11-2013,0,0,9,0,0,1,0,0,0,0,0,0,0,0,0,0,0,0
16-9-2016,1,5,99,1,48,40,0,0,34,6,0,0,0,5,0,1,2,4
29-12-2012,0,0,0,0,0,0,0,0,7,0,0,0,0,0,0,0,0,0
15-9-2013,0,3,2,1,0,1,0,0,2,1,0,0,0,0,0,0,1,0
11-3-2015,0,0,0,0,0,1,0,0,1,0,0,0,0,0,0,0,0,1
4-11-2011,0,0,1,0,0,0,0,0,0,0,0,0,0,0,0,0,0,0
13-3-2016,0,0,3,0,0,0,0,0,1,0,0,0,0,0,0,0,0,0
21-12-2011,0,0,1,0,0,0,0,0,0,0,0,0,0,0,0,0,0,0
21-8-2011,0,1,46,0,3,4,0,0,1,1,0,0,0,0,0,1,2,0
19-12-2015,0,1,8,0,0,1,0,0,1,1,0,0,0,0,1,1,1,0
18-5-2015,0,0,3,0,0,0,0,0,0,0,0,0,0,0,0,0,0,0
13-10-2013,0,0,40,6,1,10,0,0,4,1,0,0,0,0,0,0,0,2
23-11-2014,0,1,36,0,3,1,0,0,19,4,0,0,0,0,0,0,1,3
18-7-2015,0,0,13,0,0,3,0,0,4,1,0,0,0,0,0,0,1,0
28-3-2014,0,0,6,0,1,0,0,1,2,0,0,0,0,0,0,0,0,0
9-2-2015,0,3,8,0,0,2,0,0,4,0,0,0,0,0,0,0,1,0
19-2-2015,0,1,4,1,0,1,0,0,1,0,0,0,0,0,0,0,0,0
12-8-2016,0,0,1,0,0,0,0,0,1,0,0,0,0,0,0,0,0,0
7-8-2014,0,0,25,0,4,7,0,1,7,1,0,0,0,1,0,0,0,1
26-7-2016,0,4,73,1,13,12,0,0,21,13,0,0,0,1,0,0,4,1
22-2-2014,0,3,145,1,14,27,0,6,35,22,0,0,0,0,0,1,12,8
11-9-2014,0,0,9,0,0,2,0,0,4,0,0,0,0,1,0,0,0,0
19-9-2016,0,1,3,0,0,1,0,0,2,4,0,0,0,0,0,0,2,0
11-2-2013,0,2,3,0,0,1,0,0,1,0,0,0,0,0,0,0,0,1
8-9-2014,0,1,13,0,0,1,0,0,3,4,0,0,0,0,0,0,1,1
7-3-2016,0,0,7,0,0,2,0,0,17,1,0,0,0,0,0,0,1,0
28-5-2013,0,0,28,0,4,10,0,0,1,3,0,0,0,0,0,0,2,2
21-1-2014,0,0,1,0,0,0,0,0,0,0,0,0,0,0,0,0,0,0
15-4-2015,0,1,8,0,0,0,0,0,3,0,0,0,0,1,0,0,1,1
12-6-2014,0,1,6,0,0,1,0,0,0,0,0,0,0,0,0,0,0,0
5-11-2013,0,0,49,1,0,5,0,0,5,6,0,0,0,0,0,0,3,2
22-3-2013,0,0,1,1,0,0,0,0,0,0,0,0,0,0,0,0,0,0
19-10-2016,0,1,6,0,0,0,0,0,0,0,0,0,0,0,0,0,0,0
26-2-2016,0,2,2,0,0,0,0,0,3,0,0,0,0,0,0,0,0,0
27-2-2016,0,1,1,0,0,0,0,0,5,1,0,0,0,0,0,0,0,0
30-1-2015,0,0,7,1,0,2,0,0,1,1,0,0,0,0,0,0,1,0
7-6-2015,0,0,6,0,0,1,0,0,7,0,0,0,0,1,0,0,0,0
21-9-2014,0,3,233,2,42,32,0,0,37,17,0,0,0,1,0,1,11,4
27-11-2014,0,4,60,2,4,8,0,0,15,6,0,0,0,3,0,0,5,1
5-12-2015,0,0,2,0,0,0,0,0,0,0,0,0,0,0,0,0,0,0
31-5-2014,0,0,0,0,0,1,0,0,0,1,0,0,0,0,0,0,0,0
7-12-2015,0,2,9,1,0,1,0,0,1,2,0,0,0,0,0,0,1,1
11-8-2011,0,1,42,3,0,3,0,0,5,3,0,0,0,0,0,0,1,0
6-3-2016,0,0,0,0,0,0,0,0,4,2,0,0,0,2,0,0,0,0
7-1-2013,0,0,1,0,0,0,0,0,0,1,0,0,0,0,0,0,0,0
16-6-2013,0,0,3,0,0,0,0,0,0,0,0,0,0,0,0,0,1,0
21-1-2012,0,0,0,0,0,0,0,0,0,0,0,0,0,0,0,0,1,0
12-10-2012,0,1,10,0,1,2,0,0,1,1,0,0,0,0,1,0,1,0
4-11-2016,0,0,17,4,0,15,0,0,38,0,0,0,0,0,0,0,1,0
3-9-2016,0,0,62,0,0,9,0,0,9,2,0,0,0,0,0,0,1,5
22-11-2015,0,0,0,0,0,0,0,0,0,0,0,0,0,0,0,0,0,0
17-9-2015,0,0,8,0,0,0,0,0,0,0,0,0,0,0,0,0,0,0
27-5-2016,0,1,0,0,0,0,0,0,0,0,0,0,0,0,0,0,0,0
11-2-2015,0,0,1,0,0,0,0,0,0,1,0,0,0,0,0,0,0,0
12-9-2011,0,0,3,0,0,0,0,0,0,0,0,0,0,0,0,0,0,0
28-1-2014,0,0,2,0,0,0,0,0,2,1,0,0,0,0,0,0,0,0
17-1-2015,0,0,3,0,0,0,0,0,0,0,0,0,0,0,0,0,0,0
10-5-2014,0,0,21,1,0,6,0,0,10,0,1,0,0,1,0,0,0,1
5-7-2012,0,4,24,1,0,3,0,0,1,3,0,0,0,2,0,0,2,0
25-4-2016,0,0,37,0,3,3,0,0,1,2,0,0,0,0,0,0,2,1
21-1-2016,0,0,1,0,0,0,0,0,0,0,0,0,0,0,0,0,0,0
29-5-2016,0,0,2,0,0,1,0,0,0,0,0,0,0,0,0,0,0,0
1-1-2016,0,2,17,2,0,4,0,0,5,1,0,0,0,0,0,0,0,0
17-7-2014,0,0,26,0,11,3,0,0,8,0,0,0,0,0,0,0,1,3
25-7-2015,0,0,3,0,1,2,0,0,2,2,0,0,0,0,1,0,1,0
19-7-2016,0,0,3,0,0,2,0,0,2,0,0,0,0,0,0,0,2,0
31-1-2013,0,0,2,0,0,1,0,0,0,1,0,0,0,0,0,0,1,0
21-11-2015,0,0,0,0,0,0,0,0,6,0,0,0,0,0,0,0,0,0
23-6-2015,0,1,26,1,3,3,0,0,7,0,0,0,0,0,0,0,0,4
9-4-2015,0,0,0,0,0,1,0,0,0,0,0,0,0,0,0,0,0,0
30-7-2011,0,0,1,0,0,0,0,0,0,0,0,0,0,0,0,0,0,0
24-6-2012,0,1,4,0,0,2,0,0,0,0,0,0,0,0,0,0,0,0
2-4-2015,0,0,5,0,0,0,0,0,2,0,0,0,0,0,0,0,0,0
27-8-2014,0,0,54,0,10,14,0,0,21,7,0,0,0,1,0,0,4,4
3-5-2014,0,0,4,0,0,0,0,0,0,0,0,0,0,0,0,0,0,0
9-12-2012,0,0,1,0,0,0,0,0,0,0,0,0,0,0,0,0,0,0
31-5-2012,0,0,0,0,0,0,0,0,0,0,0,0,0,0,0,0,0,0
19-11-2013,0,0,7,0,0,1,0,0,2,1,0,0,0,0,0,0,0,0
18-8-2011,1,2,157,2,3,18,0,0,11,20,0,0,0,1,0,0,8,4
31-8-2012,0,0,1,0,0,0,0,0,0,0,0,0,0,0,0,0,0,0
23-12-2013,0,0,0,0,0,0,0,0,0,0,0,0,0,0,0,0,0,0
15-10-2014,0,0,1,0,0,1,0,0,1,0,0,0,0,0,1,0,0,0
21-12-2014,0,1,21,0,1,2,0,0,5,4,0,0,0,1,0,0,2,0
11-9-2012,0,0,1,0,0,0,0,0,0,0,0,0,0,0,0,0,0,0
21-3-2016,0,0,2,0,0,0,0,0,20,0,0,0,0,0,0,0,0,0
30-12-2012,0,0,1,0,0,0,0,0,0,0,0,0,0,0,0,0,0,0
27-4-2013,0,0,0,0,0,0,0,0,0,0,0,0,0,0,0,0,0,0
6-6-2016,0,1,14,0,0,0,0,0,6,1,0,0,0,2,0,0,0,0
11-5-2014,0,0,1,0,0,0,0,0,0,0,0,0,0,0,0,0,0,0
8-12-2013,0,0,3,0,0,1,0,0,1,0,0,0,0,0,0,0,0,0
6-7-2016,0,1,3,4,0,4,0,0,41,0,0,0,0,0,0,0,1,0
14-5-2015,0,0,4,0,0,2,0,0,2,1,0,0,0,0,0,0,0,0
5-2-2013,0,0,1,0,0,0,0,0,0,0,0,0,0,0,0,0,0,0
10-2-2013,0,0,1,0,0,0,0,0,0,0,0,0,0,0,0,0,0,0
18-6-2014,0,0,70,0,17,25,0,0,16,5,0,0,0,2,0,0,3,4
1-9-2012,0,2,1,0,0,0,0,0,0,0,0,0,0,0,0,0,0,0
22-5-2016,0,0,14,0,0,1,0,0,15,1,0,0,0,0,1,0,1,0
27-8-2012,0,0,1,0,0,2,0,0,0,0,0,0,0,0,0,0,1,0
16-12-2014,0,5,604,7,81,73,2,0,188,52,0,0,0,9,0,0,21,24
27-3-2015,0,1,22,0,0,3,0,0,15,1,0,0,0,3,1,0,3,1
30-11-2015,0,2,89,0,4,12,0,0,11,6,0,0,0,1,0,0,5,5
14-7-2014,0,0,22,0,15,3,0,0,8,0,0,0,0,1,0,0,1,1
27-12-2014,0,0,9,0,0,3,0,0,8,0,0,0,0,0,0,1,0,2
9-3-2016,0,2,6,0,0,4,0,0,14,2,0,0,0,0,0,0,1,1
8-10-2016,0,0,1,0,0,0,0,0,1,1,0,0,0,1,0,0,0,0
3-3-2016,0,0,5,0,0,1,0,0,2,2,0,0,0,0,0,0,0,0
16-1-2014,0,0,2,0,0,0,0,0,1,0,0,0,0,0,0,0,0,0
7-3-2013,0,0,1,0,0,0,0,0,0,1,0,0,0,0,0,0,0,0
12-12-2011,0,0,2,0,0,0,0,0,0,0,0,0,0,0,0,0,0,0
15-8-2011,0,0,2,0,0,0,0,0,0,0,0,0,0,0,0,0,0,0
31-10-2014,0,0,41,0,8,7,0,0,9,4,0,0,0,2,0,0,2,0
12-4-2014,0,0,26,1,5,7,0,0,3,3,0,0,0,1,0,0,2,0
7-4-2012,0,0,6,0,0,1,0,0,3,0,0,0,0,0,0,0,0,0
9-9-2012,0,1,3,0,0,0,0,1,2,0,0,0,0,0,0,0,1,0
22-8-2014,0,1,21,1,3,6,0,0,9,0,0,0,0,0,0,0,1,2
13-1-2016,0,0,1,0,0,1,0,0,0,0,0,0,0,0,0,0,0,0
29-1-2012,0,0,3,0,0,0,0,0,0,0,0,0,0,0,0,0,0,0
28-5-2012,0,3,47,1,1,11,0,0,6,4,0,0,0,2,1,0,4,1
2-8-2016,0,2,35,0,2,4,0,0,13,3,0,0,0,1,0,0,0,1
21-9-2016,0,0,4,0,0,0,0,0,1,0,0,0,0,0,1,0,0,0
26-5-2015,0,0,0,0,0,0,0,0,0,0,0,0,0,0,0,0,0,0
10-5-2016,0,0,4,0,0,0,0,0,3,0,0,0,0,0,0,0,0,0
3-1-2014,0,1,3,0,0,1,0,0,1,0,0,0,0,0,1,0,1,0
27-5-2014,0,0,1,0,0,0,0,0,1,0,0,0,0,0,0,0,0,0
17-2-2016,0,1,12,0,0,3,0,0,15,2,0,0,0,0,0,0,1,0
2-6-2015,0,0,2,0,0,0,0,0,3,0,0,0,0,0,0,0,0,0
26-6-2013,0,1,16,0,0,0,0,0,3,0,0,0,0,0,0,0,0,0
18-4-2016,0,4,125,2,14,22,0,0,4,18,0,0,0,2,0,2,14,3
26-8-2015,0,0,2,1,0,1,0,0,2,0,0,0,0,0,0,0,1,1
4-12-2011,0,0,2,0,0,0,0,0,0,0,0,0,0,0,0,0,1,0
14-11-2012,0,0,4,0,0,0,0,0,1,0,0,0,0,0,0,0,0,0
2-10-2016,0,1,6,0,5,0,0,0,1,2,0,0,0,0,0,0,1,0
9-6-2012,0,2,17,0,0,2,0,0,0,2,0,0,0,0,0,0,2,0
8-3-2014,0,0,1,0,0,0,0,0,1,0,0,0,0,0,0,0,0,0
13-11-2011,0,0,3,0,0,1,0,0,1,0,0,0,0,0,0,0,0,0
2-5-2014,0,1,6,1,0,0,0,0,1,0,0,0,0,0,0,0,0,0
27-3-2016,0,1,2,1,1,2,0,0,4,0,0,0,0,1,0,0,1,0
15-7-2013,0,1,8,0,4,2,0,1,11,0,0,0,0,1,0,0,0,3
22-6-2016,0,0,5,0,1,2,0,0,17,0,0,0,0,0,0,0,0,0
19-2-2012,0,0,0,0,0,0,0,0,1,0,0,0,0,0,0,0,0,0
6-10-2013,0,0,1,0,0,0,0,0,0,0,0,0,0,0,0,0,0,0
11-6-2011,0,0,3,0,0,0,0,0,1,0,0,0,0,0,0,0,0,0
14-10-2015,1,0,1,1,0,0,0,0,2,1,0,0,0,0,1,0,0,0
25-3-2015,0,0,1,0,0,0,0,0,0,0,0,0,0,0,0,0,0,0
3-10-2015,0,0,2,0,0,1,0,0,1,0,0,0,0,0,0,0,0,0
26-1-2016,0,1,5,0,0,1,0,0,2,0,0,0,0,0,0,1,1,0
12-10-2015,0,0,3,0,0,0,0,0,1,2,0,0,0,0,0,0,0,0
1-8-2011,0,0,1,0,0,0,0,0,1,0,0,0,0,0,0,0,0,0
18-7-2011,0,0,46,0,1,6,0,0,10,3,0,0,0,0,0,1,3,0
23-1-2016,0,0,16,0,0,4,0,0,4,3,0,0,0,0,0,0,3,1
15-1-2014,0,1,16,0,0,2,0,0,0,2,0,0,0,0,0,0,0,0
31-7-2013,0,4,5,0,0,2,0,0,6,3,0,0,0,0,0,0,1,2
24-9-2015,0,0,5,1,1,2,0,1,2,0,0,0,0,0,0,0,0,0
3-3-2014,0,0,1,0,0,0,0,0,1,0,0,0,0,0,0,0,0,0
23-2-2014,0,0,3,0,0,0,0,0,2,0,0,0,0,0,0,0,0,0
15-3-2015,0,0,19,0,3,8,0,0,3,3,0,0,0,0,0,0,2,0
25-4-2013,0,0,4,0,0,0,0,0,1,1,0,0,0,0,1,0,0,0
10-9-2016,0,0,5,0,0,1,0,0,6,1,0,0,0,0,0,0,0,0
17-12-2014,0,4,57,3,0,8,0,0,15,7,0,0,0,1,0,0,4,2
11-9-2013,0,2,1,0,0,1,0,0,1,0,0,0,0,0,0,0,0,0
1-11-2015,0,1,0,0,0,0,0,0,2,1,0,0,0,0,0,0,1,0
19-9-2014,0,1,253,7,60,89,2,0,51,37,0,0,0,4,0,1,23,18
13-1-2015,0,0,0,0,0,0,0,0,0,0,0,0,0,0,0,0,0,0
6-11-2014,0,0,39,0,2,2,0,0,9,5,0,0,0,1,0,0,2,0
9-10-2014,0,1,108,4,3,16,0,0,22,8,0,0,0,3,0,0,7,5
23-7-2014,0,1,61,0,10,9,0,0,21,5,0,0,0,1,0,0,2,3
31-12-2014,0,0,5,0,0,2,0,0,5,1,0,0,0,0,0,0,1,0
17-11-2016,0,2,9,0,0,1,0,0,1,1,0,0,0,0,0,0,0,0
24-5-2012,0,4,20,2,0,5,0,0,2,4,0,0,0,0,0,1,4,1
26-7-2015,0,0,2,0,0,2,0,0,0,0,0,0,0,0,0,0,0,1
19-7-2014,0,1,48,0,3,13,0,0,12,0,0,0,0,2,0,0,0,3
12-6-2013,0,8,134,4,20,39,0,0,39,8,0,0,0,2,0,0,10,8
